id,equipo_id,nombre,apellido,fecha_nacimiento,nacionalidad,posicion,dorsal
E001-J01,E001,Nombre001_01,Apellido001_01,1990-03-02,Pais 001,Arquero,1
E001-J02,E001,Nombre001_02,Apellido001_02,1991-04-03,Pais 001,Arquero,2
E001-J03,E001,Nombre001_03,Apellido001_03,1992-05-04,Pais 001,Defensor,3
E001-J04,E001,Nombre001_04,Apellido001_04,1993-06-05,Pais 001,Defensor,4
E001-J05,E001,Nombre001_05,Apellido001_05,1994-07-06,Pais 001,Defensor,5
E001-J06,E001,Nombre001_06,Apellido001_06,1995-08-07,Pais 001,Defensor,6
E001-J07,E001,Nombre001_07,Apellido001_07,1996-09-08,Pais 001,Defensor,7
E001-J08,E001,Nombre001_08,Apellido001_08,1997-10-09,Pais 001,Defensor,8
E001-J09,E001,Nombre001_09,Apellido001_09,1998-11-10,Pais 001,Defensor,9
E001-J10,E001,Nombre001_10,Apellido001_10,1999-12-11,Pais 001,Mediocampista,10
E001-J11,E001,Nombre001_11,Apellido001_11,2000-01-12,Pais 001,Mediocampista,11
E001-J12,E001,Nombre001_12,Apellido001_12,2001-02-13,Pais 001,Mediocampista,12
E001-J13,E001,Nombre001_13,Apellido001_13,2002-03-14,Pais 001,Mediocampista,13
E001-J14,E001,Nombre001_14,Apellido001_14,2003-04-15,Pais 001,Mediocampista,14
E001-J15,E001,Nombre001_15,Apellido001_15,2004-05-16,Pais 001,Mediocampista,15
E001-J16,E001,Nombre001_16,Apellido001_16,1988-06-17,Pais 001,Mediocampista,16
E001-J17,E001,Nombre001_17,Apellido001_17,1989-07-18,Pais 001,Mediocampista,17
E001-J18,E001,Nombre001_18,Apellido001_18,1990-08-19,Pais 001,Delantero,18
E001-J19,E001,Nombre001_19,Apellido001_19,1991-09-20,Pais 001,Delantero,19
E001-J20,E001,Nombre001_20,Apellido001_20,1992-10-21,Pais 001,Delantero,20
E001-J21,E001,Nombre001_21,Apellido001_21,1993-11-22,Pais 001,Delantero,21
E001-J22,E001,Nombre001_22,Apellido001_22,1994-12-23,Pais 001,Delantero,22
E001-J23,E001,Nombre001_23,Apellido001_23,1995-01-24,Pais 001,Delantero,23
E001-J24,E001,Nombre001_24,Apellido001_24,1996-02-25,Pais 001,Delantero,24
E002-J01,E002,Nombre002_01,Apellido002_01,1991-04-03,Pais 002,Arquero,1
E002-J02,E002,Nombre002_02,Apellido002_02,1992-05-05,Pais 002,Arquero,2
E002-J03,E002,Nombre002_03,Apellido002_03,1993-06-07,Pais 002,Defensor,3
E002-J04,E002,Nombre002_04,Apellido002_04,1994-07-09,Pais 002,Defensor,4
E002-J05,E002,Nombre002_05,Apellido002_05,1995-08-11,Pais 002,Defensor,5
E002-J06,E002,Nombre002_06,Apellido002_06,1996-09-13,Pais 002,Defensor,6
E002-J07,E002,Nombre002_07,Apellido002_07,1997-10-15,Pais 002,Defensor,7
E002-J08,E002,Nombre002_08,Apellido002_08,1998-11-17,Pais 002,Defensor,8
E002-J09,E002,Nombre002_09,Apellido002_09,1999-12-19,Pais 002,Defensor,9
E002-J10,E002,Nombre002_10,Apellido002_10,2000-01-21,Pais 002,Mediocampista,10
E002-J11,E002,Nombre002_11,Apellido002_11,2001-02-23,Pais 002,Mediocampista,11
E002-J12,E002,Nombre002_12,Apellido002_12,2002-03-25,Pais 002,Mediocampista,12
E002-J13,E002,Nombre002_13,Apellido002_13,2003-04-27,Pais 002,Mediocampista,13
E002-J14,E002,Nombre002_14,Apellido002_14,2004-05-01,Pais 002,Mediocampista,14
E002-J15,E002,Nombre002_15,Apellido002_15,1988-06-03,Pais 002,Mediocampista,15
E002-J16,E002,Nombre002_16,Apellido002_16,1989-07-05,Pais 002,Mediocampista,16
E002-J17,E002,Nombre002_17,Apellido002_17,1990-08-07,Pais 002,Mediocampista,17
E002-J18,E002,Nombre002_18,Apellido002_18,1991-09-09,Pais 002,Delantero,18
E002-J19,E002,Nombre002_19,Apellido002_19,1992-10-11,Pais 002,Delantero,19
E002-J20,E002,Nombre002_20,Apellido002_20,1993-11-13,Pais 002,Delantero,20
E002-J21,E002,Nombre002_21,Apellido002_21,1994-12-15,Pais 002,Delantero,21
E002-J22,E002,Nombre002_22,Apellido002_22,1995-01-17,Pais 002,Delantero,22
E002-J23,E002,Nombre002_23,Apellido002_23,1996-02-19,Pais 002,Delantero,23
E002-J24,E002,Nombre002_24,Apellido002_24,1997-03-21,Pais 002,Delantero,24
E003-J01,E003,Nombre003_01,Apellido003_01,1992-05-04,Pais 003,Arquero,1
E003-J02,E003,Nombre003_02,Apellido003_02,1993-06-07,Pais 003,Arquero,2
E003-J03,E003,Nombre003_03,Apellido003_03,1994-07-10,Pais 003,Defensor,3
E003-J04,E003,Nombre003_04,Apellido003_04,1995-08-13,Pais 003,Defensor,4
E003-J05,E003,Nombre003_05,Apellido003_05,1996-09-16,Pais 003,Defensor,5
E003-J06,E003,Nombre003_06,Apellido003_06,1997-10-19,Pais 003,Defensor,6
E003-J07,E003,Nombre003_07,Apellido003_07,1998-11-22,Pais 003,Defensor,7
E003-J08,E003,Nombre003_08,Apellido003_08,1999-12-25,Pais 003,Defensor,8
E003-J09,E003,Nombre003_09,Apellido003_09,2000-01-28,Pais 003,Defensor,9
E003-J10,E003,Nombre003_10,Apellido003_10,2001-02-03,Pais 003,Mediocampista,10
E003-J11,E003,Nombre003_11,Apellido003_11,2002-03-06,Pais 003,Mediocampista,11
E003-J12,E003,Nombre003_12,Apellido003_12,2003-04-09,Pais 003,Mediocampista,12
E003-J13,E003,Nombre003_13,Apellido003_13,2004-05-12,Pais 003,Mediocampista,13
E003-J14,E003,Nombre003_14,Apellido003_14,1988-06-15,Pais 003,Mediocampista,14
E003-J15,E003,Nombre003_15,Apellido003_15,1989-07-18,Pais 003,Mediocampista,15
E003-J16,E003,Nombre003_16,Apellido003_16,1990-08-21,Pais 003,Mediocampista,16
E003-J17,E003,Nombre003_17,Apellido003_17,1991-09-24,Pais 003,Mediocampista,17
E003-J18,E003,Nombre003_18,Apellido003_18,1992-10-27,Pais 003,Delantero,18
E003-J19,E003,Nombre003_19,Apellido003_19,1993-11-02,Pais 003,Delantero,19
E003-J20,E003,Nombre003_20,Apellido003_20,1994-12-05,Pais 003,Delantero,20
E003-J21,E003,Nombre003_21,Apellido003_21,1995-01-08,Pais 003,Delantero,21
E003-J22,E003,Nombre003_22,Apellido003_22,1996-02-11,Pais 003,Delantero,22
E003-J23,E003,Nombre003_23,Apellido003_23,1997-03-14,Pais 003,Delantero,23
E003-J24,E003,Nombre003_24,Apellido003_24,1998-04-17,Pais 003,Delantero,24
E004-J01,E004,Nombre004_01,Apellido004_01,1993-06-05,Pais 004,Arquero,1
E004-J02,E004,Nombre004_02,Apellido004_02,1994-07-09,Pais 004,Arquero,2
E004-J03,E004,Nombre004_03,Apellido004_03,1995-08-13,Pais 004,Defensor,3
E004-J04,E004,Nombre004_04,Apellido004_04,1996-09-17,Pais 004,Defensor,4
E004-J05,E004,Nombre004_05,Apellido004_05,1997-10-21,Pais 004,Defensor,5
E004-J06,E004,Nombre004_06,Apellido004_06,1998-11-25,Pais 004,Defensor,6
E004-J07,E004,Nombre004_07,Apellido004_07,1999-12-01,Pais 004,Defensor,7
E004-J08,E004,Nombre004_08,Apellido004_08,2000-01-05,Pais 004,Defensor,8
E004-J09,E004,Nombre004_09,Apellido004_09,2001-02-09,Pais 004,Defensor,9
E004-J10,E004,Nombre004_10,Apellido004_10,2002-03-13,Pais 004,Mediocampista,10
E004-J11,E004,Nombre004_11,Apellido004_11,2003-04-17,Pais 004,Mediocampista,11
E004-J12,E004,Nombre004_12,Apellido004_12,2004-05-21,Pais 004,Mediocampista,12
E004-J13,E004,Nombre004_13,Apellido004_13,1988-06-25,Pais 004,Mediocampista,13
E004-J14,E004,Nombre004_14,Apellido004_14,1989-07-01,Pais 004,Mediocampista,14
E004-J15,E004,Nombre004_15,Apellido004_15,1990-08-05,Pais 004,Mediocampista,15
E004-J16,E004,Nombre004_16,Apellido004_16,1991-09-09,Pais 004,Mediocampista,16
E004-J17,E004,Nombre004_17,Apellido004_17,1992-10-13,Pais 004,Mediocampista,17
E004-J18,E004,Nombre004_18,Apellido004_18,1993-11-17,Pais 004,Delantero,18
E004-J19,E004,Nombre004_19,Apellido004_19,1994-12-21,Pais 004,Delantero,19
E004-J20,E004,Nombre004_20,Apellido004_20,1995-01-25,Pais 004,Delantero,20
E004-J21,E004,Nombre004_21,Apellido004_21,1996-02-01,Pais 004,Delantero,21
E004-J22,E004,Nombre004_22,Apellido004_22,1997-03-05,Pais 004,Delantero,22
E004-J23,E004,Nombre004_23,Apellido004_23,1998-04-09,Pais 004,Delantero,23
E004-J24,E004,Nombre004_24,Apellido004_24,1999-05-13,Pais 004,Delantero,24
E005-J01,E005,Nombre005_01,Apellido005_01,1994-07-06,Pais 005,Arquero,1
E005-J02,E005,Nombre005_02,Apellido005_02,1995-08-11,Pais 005,Arquero,2
E005-J03,E005,Nombre005_03,Apellido005_03,1996-09-16,Pais 005,Defensor,3
E005-J04,E005,Nombre005_04,Apellido005_04,1997-10-21,Pais 005,Defensor,4
E005-J05,E005,Nombre005_05,Apellido005_05,1998-11-26,Pais 005,Defensor,5
E005-J06,E005,Nombre005_06,Apellido005_06,1999-12-03,Pais 005,Defensor,6
E005-J07,E005,Nombre005_07,Apellido005_07,2000-01-08,Pais 005,Defensor,7
E005-J08,E005,Nombre005_08,Apellido005_08,2001-02-13,Pais 005,Defensor,8
E005-J09,E005,Nombre005_09,Apellido005_09,2002-03-18,Pais 005,Defensor,9
E005-J10,E005,Nombre005_10,Apellido005_10,2003-04-23,Pais 005,Mediocampista,10
E005-J11,E005,Nombre005_11,Apellido005_11,2004-05-28,Pais 005,Mediocampista,11
E005-J12,E005,Nombre005_12,Apellido005_12,1988-06-05,Pais 005,Mediocampista,12
E005-J13,E005,Nombre005_13,Apellido005_13,1989-07-10,Pais 005,Mediocampista,13
E005-J14,E005,Nombre005_14,Apellido005_14,1990-08-15,Pais 005,Mediocampista,14
E005-J15,E005,Nombre005_15,Apellido005_15,1991-09-20,Pais 005,Mediocampista,15
E005-J16,E005,Nombre005_16,Apellido005_16,1992-10-25,Pais 005,Mediocampista,16
E005-J17,E005,Nombre005_17,Apellido005_17,1993-11-02,Pais 005,Mediocampista,17
E005-J18,E005,Nombre005_18,Apellido005_18,1994-12-07,Pais 005,Delantero,18
E005-J19,E005,Nombre005_19,Apellido005_19,1995-01-12,Pais 005,Delantero,19
E005-J20,E005,Nombre005_20,Apellido005_20,1996-02-17,Pais 005,Delantero,20
E005-J21,E005,Nombre005_21,Apellido005_21,1997-03-22,Pais 005,Delantero,21
E005-J22,E005,Nombre005_22,Apellido005_22,1998-04-27,Pais 005,Delantero,22
E005-J23,E005,Nombre005_23,Apellido005_23,1999-05-04,Pais 005,Delantero,23
E005-J24,E005,Nombre005_24,Apellido005_24,2000-06-09,Pais 005,Delantero,24
E006-J01,E006,Nombre006_01,Apellido006_01,1995-08-07,Pais 006,Arquero,1
E006-J02,E006,Nombre006_02,Apellido006_02,1996-09-13,Pais 006,Arquero,2
E006-J03,E006,Nombre006_03,Apellido006_03,1997-10-19,Pais 006,Defensor,3
E006-J04,E006,Nombre006_04,Apellido006_04,1998-11-25,Pais 006,Defensor,4
E006-J05,E006,Nombre006_05,Apellido006_05,1999-12-03,Pais 006,Defensor,5
E006-J06,E006,Nombre006_06,Apellido006_06,2000-01-09,Pais 006,Defensor,6
E006-J07,E006,Nombre006_07,Apellido006_07,2001-02-15,Pais 006,Defensor,7
E006-J08,E006,Nombre006_08,Apellido006_08,2002-03-21,Pais 006,Defensor,8
E006-J09,E006,Nombre006_09,Apellido006_09,2003-04-27,Pais 006,Defensor,9
E006-J10,E006,Nombre006_10,Apellido006_10,2004-05-05,Pais 006,Mediocampista,10
E006-J11,E006,Nombre006_11,Apellido006_11,1988-06-11,Pais 006,Mediocampista,11
E006-J12,E006,Nombre006_12,Apellido006_12,1989-07-17,Pais 006,Mediocampista,12
E006-J13,E006,Nombre006_13,Apellido006_13,1990-08-23,Pais 006,Mediocampista,13
E006-J14,E006,Nombre006_14,Apellido006_14,1991-09-01,Pais 006,Mediocampista,14
E006-J15,E006,Nombre006_15,Apellido006_15,1992-10-07,Pais 006,Mediocampista,15
E006-J16,E006,Nombre006_16,Apellido006_16,1993-11-13,Pais 006,Mediocampista,16
E006-J17,E006,Nombre006_17,Apellido006_17,1994-12-19,Pais 006,Mediocampista,17
E006-J18,E006,Nombre006_18,Apellido006_18,1995-01-25,Pais 006,Delantero,18
E006-J19,E006,Nombre006_19,Apellido006_19,1996-02-03,Pais 006,Delantero,19
E006-J20,E006,Nombre006_20,Apellido006_20,1997-03-09,Pais 006,Delantero,20
E006-J21,E006,Nombre006_21,Apellido006_21,1998-04-15,Pais 006,Delantero,21
E006-J22,E006,Nombre006_22,Apellido006_22,1999-05-21,Pais 006,Delantero,22
E006-J23,E006,Nombre006_23,Apellido006_23,2000-06-27,Pais 006,Delantero,23
E006-J24,E006,Nombre006_24,Apellido006_24,2001-07-05,Pais 006,Delantero,24
E007-J01,E007,Nombre007_01,Apellido007_01,1996-09-08,Pais 007,Arquero,1
E007-J02,E007,Nombre007_02,Apellido007_02,1997-10-15,Pais 007,Arquero,2
E007-J03,E007,Nombre007_03,Apellido007_03,1998-11-22,Pais 007,Defensor,3
E007-J04,E007,Nombre007_04,Apellido007_04,1999-12-01,Pais 007,Defensor,4
E007-J05,E007,Nombre007_05,Apellido007_05,2000-01-08,Pais 007,Defensor,5
E007-J06,E007,Nombre007_06,Apellido007_06,2001-02-15,Pais 007,Defensor,6
E007-J07,E007,Nombre007_07,Apellido007_07,2002-03-22,Pais 007,Defensor,7
E007-J08,E007,Nombre007_08,Apellido007_08,2003-04-01,Pais 007,Defensor,8
E007-J09,E007,Nombre007_09,Apellido007_09,2004-05-08,Pais 007,Defensor,9
E007-J10,E007,Nombre007_10,Apellido007_10,1988-06-15,Pais 007,Mediocampista,10
E007-J11,E007,Nombre007_11,Apellido007_11,1989-07-22,Pais 007,Mediocampista,11
E007-J12,E007,Nombre007_12,Apellido007_12,1990-08-01,Pais 007,Mediocampista,12
E007-J13,E007,Nombre007_13,Apellido007_13,1991-09-08,Pais 007,Mediocampista,13
E007-J14,E007,Nombre007_14,Apellido007_14,1992-10-15,Pais 007,Mediocampista,14
E007-J15,E007,Nombre007_15,Apellido007_15,1993-11-22,Pais 007,Mediocampista,15
E007-J16,E007,Nombre007_16,Apellido007_16,1994-12-01,Pais 007,Mediocampista,16
E007-J17,E007,Nombre007_17,Apellido007_17,1995-01-08,Pais 007,Mediocampista,17
E007-J18,E007,Nombre007_18,Apellido007_18,1996-02-15,Pais 007,Delantero,18
E007-J19,E007,Nombre007_19,Apellido007_19,1997-03-22,Pais 007,Delantero,19
E007-J20,E007,Nombre007_20,Apellido007_20,1998-04-01,Pais 007,Delantero,20
E007-J21,E007,Nombre007_21,Apellido007_21,1999-05-08,Pais 007,Delantero,21
E007-J22,E007,Nombre007_22,Apellido007_22,2000-06-15,Pais 007,Delantero,22
E007-J23,E007,Nombre007_23,Apellido007_23,2001-07-22,Pais 007,Delantero,23
E007-J24,E007,Nombre007_24,Apellido007_24,2002-08-01,Pais 007,Delantero,24
E008-J01,E008,Nombre008_01,Apellido008_01,1997-10-09,Pais 008,Arquero,1
E008-J02,E008,Nombre008_02,Apellido008_02,1998-11-17,Pais 008,Arquero,2
E008-J03,E008,Nombre008_03,Apellido008_03,1999-12-25,Pais 008,Defensor,3
E008-J04,E008,Nombre008_04,Apellido008_04,2000-01-05,Pais 008,Defensor,4
E008-J05,E008,Nombre008_05,Apellido008_05,2001-02-13,Pais 008,Defensor,5
E008-J06,E008,Nombre008_06,Apellido008_06,2002-03-21,Pais 008,Defensor,6
E008-J07,E008,Nombre008_07,Apellido008_07,2003-04-01,Pais 008,Defensor,7
E008-J08,E008,Nombre008_08,Apellido008_08,2004-05-09,Pais 008,Defensor,8
E008-J09,E008,Nombre008_09,Apellido008_09,1988-06-17,Pais 008,Defensor,9
E008-J10,E008,Nombre008_10,Apellido008_10,1989-07-25,Pais 008,Mediocampista,10
E008-J11,E008,Nombre008_11,Apellido008_11,1990-08-05,Pais 008,Mediocampista,11
E008-J12,E008,Nombre008_12,Apellido008_12,1991-09-13,Pais 008,Mediocampista,12
E008-J13,E008,Nombre008_13,Apellido008_13,1992-10-21,Pais 008,Mediocampista,13
E008-J14,E008,Nombre008_14,Apellido008_14,1993-11-01,Pais 008,Mediocampista,14
E008-J15,E008,Nombre008_15,Apellido008_15,1994-12-09,Pais 008,Mediocampista,15
E008-J16,E008,Nombre008_16,Apellido008_16,1995-01-17,Pais 008,Mediocampista,16
E008-J17,E008,Nombre008_17,Apellido008_17,1996-02-25,Pais 008,Mediocampista,17
E008-J18,E008,Nombre008_18,Apellido008_18,1997-03-05,Pais 008,Delantero,18
E008-J19,E008,Nombre008_19,Apellido008_19,1998-04-13,Pais 008,Delantero,19
E008-J20,E008,Nombre008_20,Apellido008_20,1999-05-21,Pais 008,Delantero,20
E008-J21,E008,Nombre008_21,Apellido008_21,2000-06-01,Pais 008,Delantero,21
E008-J22,E008,Nombre008_22,Apellido008_22,2001-07-09,Pais 008,Delantero,22
E008-J23,E008,Nombre008_23,Apellido008_23,2002-08-17,Pais 008,Delantero,23
E008-J24,E008,Nombre008_24,Apellido008_24,2003-09-25,Pais 008,Delantero,24
E009-J01,E009,Nombre009_01,Apellido009_01,1998-11-10,Pais 009,Arquero,1
E009-J02,E009,Nombre009_02,Apellido009_02,1999-12-19,Pais 009,Arquero,2
E009-J03,E009,Nombre009_03,Apellido009_03,2000-01-28,Pais 009,Defensor,3
E009-J04,E009,Nombre009_04,Apellido009_04,2001-02-09,Pais 009,Defensor,4
E009-J05,E009,Nombre009_05,Apellido009_05,2002-03-18,Pais 009,Defensor,5
E009-J06,E009,Nombre009_06,Apellido009_06,2003-04-27,Pais 009,Defensor,6
E009-J07,E009,Nombre009_07,Apellido009_07,2004-05-08,Pais 009,Defensor,7
E009-J08,E009,Nombre009_08,Apellido009_08,1988-06-17,Pais 009,Defensor,8
E009-J09,E009,Nombre009_09,Apellido009_09,1989-07-26,Pais 009,Defensor,9
E009-J10,E009,Nombre009_10,Apellido009_10,1990-08-07,Pais 009,Mediocampista,10
E009-J11,E009,Nombre009_11,Apellido009_11,1991-09-16,Pais 009,Mediocampista,11
E009-J12,E009,Nombre009_12,Apellido009_12,1992-10-25,Pais 009,Mediocampista,12
E009-J13,E009,Nombre009_13,Apellido009_13,1993-11-06,Pais 009,Mediocampista,13
E009-J14,E009,Nombre009_14,Apellido009_14,1994-12-15,Pais 009,Mediocampista,14
E009-J15,E009,Nombre009_15,Apellido009_15,1995-01-24,Pais 009,Mediocampista,15
E009-J16,E009,Nombre009_16,Apellido009_16,1996-02-05,Pais 009,Mediocampista,16
E009-J17,E009,Nombre009_17,Apellido009_17,1997-03-14,Pais 009,Mediocampista,17
E009-J18,E009,Nombre009_18,Apellido009_18,1998-04-23,Pais 009,Delantero,18
E009-J19,E009,Nombre009_19,Apellido009_19,1999-05-04,Pais 009,Delantero,19
E009-J20,E009,Nombre009_20,Apellido009_20,2000-06-13,Pais 009,Delantero,20
E009-J21,E009,Nombre009_21,Apellido009_21,2001-07-22,Pais 009,Delantero,21
E009-J22,E009,Nombre009_22,Apellido009_22,2002-08-03,Pais 009,Delantero,22
E009-J23,E009,Nombre009_23,Apellido009_23,2003-09-12,Pais 009,Delantero,23
E009-J24,E009,Nombre009_24,Apellido009_24,2004-10-21,Pais 009,Delantero,24
E010-J01,E010,Nombre010_01,Apellido010_01,1999-12-11,Pais 010,Arquero,1
E010-J02,E010,Nombre010_02,Apellido010_02,2000-01-21,Pais 010,Arquero,2
E010-J03,E010,Nombre010_03,Apellido010_03,2001-02-03,Pais 010,Defensor,3
E010-J04,E010,Nombre010_04,Apellido010_04,2002-03-13,Pais 010,Defensor,4
E010-J05,E010,Nombre010_05,Apellido010_05,2003-04-23,Pais 010,Defensor,5
E010-J06,E010,Nombre010_06,Apellido010_06,2004-05-05,Pais 010,Defensor,6
E010-J07,E010,Nombre010_07,Apellido010_07,1988-06-15,Pais 010,Defensor,7
E010-J08,E010,Nombre010_08,Apellido010_08,1989-07-25,Pais 010,Defensor,8
E010-J09,E010,Nombre010_09,Apellido010_09,1990-08-07,Pais 010,Defensor,9
E010-J10,E010,Nombre010_10,Apellido010_10,1991-09-17,Pais 010,Mediocampista,10
E010-J11,E010,Nombre010_11,Apellido010_11,1992-10-27,Pais 010,Mediocampista,11
E010-J12,E010,Nombre010_12,Apellido010_12,1993-11-09,Pais 010,Mediocampista,12
E010-J13,E010,Nombre010_13,Apellido010_13,1994-12-19,Pais 010,Mediocampista,13
E010-J14,E010,Nombre010_14,Apellido010_14,1995-01-01,Pais 010,Mediocampista,14
E010-J15,E010,Nombre010_15,Apellido010_15,1996-02-11,Pais 010,Mediocampista,15
E010-J16,E010,Nombre010_16,Apellido010_16,1997-03-21,Pais 010,Mediocampista,16
E010-J17,E010,Nombre010_17,Apellido010_17,1998-04-03,Pais 010,Mediocampista,17
E010-J18,E010,Nombre010_18,Apellido010_18,1999-05-13,Pais 010,Delantero,18
E010-J19,E010,Nombre010_19,Apellido010_19,2000-06-23,Pais 010,Delantero,19
E010-J20,E010,Nombre010_20,Apellido010_20,2001-07-05,Pais 010,Delantero,20
E010-J21,E010,Nombre010_21,Apellido010_21,2002-08-15,Pais 010,Delantero,21
E010-J22,E010,Nombre010_22,Apellido010_22,2003-09-25,Pais 010,Delantero,22
E010-J23,E010,Nombre010_23,Apellido010_23,2004-10-07,Pais 010,Delantero,23
E010-J24,E010,Nombre010_24,Apellido010_24,1988-11-17,Pais 010,Delantero,24
E011-J01,E011,Nombre011_01,Apellido011_01,2000-01-12,Pais 011,Arquero,1
E011-J02,E011,Nombre011_02,Apellido011_02,2001-02-23,Pais 011,Arquero,2
E011-J03,E011,Nombre011_03,Apellido011_03,2002-03-06,Pais 011,Defensor,3
E011-J04,E011,Nombre011_04,Apellido011_04,2003-04-17,Pais 011,Defensor,4
E011-J05,E011,Nombre011_05,Apellido011_05,2004-05-28,Pais 011,Defensor,5
E011-J06,E011,Nombre011_06,Apellido011_06,1988-06-11,Pais 011,Defensor,6
E011-J07,E011,Nombre011_07,Apellido011_07,1989-07-22,Pais 011,Defensor,7
E011-J08,E011,Nombre011_08,Apellido011_08,1990-08-05,Pais 011,Defensor,8
E011-J09,E011,Nombre011_09,Apellido011_09,1991-09-16,Pais 011,Defensor,9
E011-J10,E011,Nombre011_10,Apellido011_10,1992-10-27,Pais 011,Mediocampista,10
E011-J11,E011,Nombre011_11,Apellido011_11,1993-11-10,Pais 011,Mediocampista,11
E011-J12,E011,Nombre011_12,Apellido011_12,1994-12-21,Pais 011,Mediocampista,12
E011-J13,E011,Nombre011_13,Apellido011_13,1995-01-04,Pais 011,Mediocampista,13
E011-J14,E011,Nombre011_14,Apellido011_14,1996-02-15,Pais 011,Mediocampista,14
E011-J15,E011,Nombre011_15,Apellido011_15,1997-03-26,Pais 011,Mediocampista,15
E011-J16,E011,Nombre011_16,Apellido011_16,1998-04-09,Pais 011,Mediocampista,16
E011-J17,E011,Nombre011_17,Apellido011_17,1999-05-20,Pais 011,Mediocampista,17
E011-J18,E011,Nombre011_18,Apellido011_18,2000-06-03,Pais 011,Delantero,18
E011-J19,E011,Nombre011_19,Apellido011_19,2001-07-14,Pais 011,Delantero,19
E011-J20,E011,Nombre011_20,Apellido011_20,2002-08-25,Pais 011,Delantero,20
E011-J21,E011,Nombre011_21,Apellido011_21,2003-09-08,Pais 011,Delantero,21
E011-J22,E011,Nombre011_22,Apellido011_22,2004-10-19,Pais 011,Delantero,22
E011-J23,E011,Nombre011_23,Apellido011_23,1988-11-02,Pais 011,Delantero,23
E011-J24,E011,Nombre011_24,Apellido011_24,1989-12-13,Pais 011,Delantero,24
E012-J01,E012,Nombre012_01,Apellido012_01,2001-02-13,Pais 012,Arquero,1
E012-J02,E012,Nombre012_02,Apellido012_02,2002-03-25,Pais 012,Arquero,2
E012-J03,E012,Nombre012_03,Apellido012_03,2003-04-09,Pais 012,Defensor,3
E012-J04,E012,Nombre012_04,Apellido012_04,2004-05-21,Pais 012,Defensor,4
E012-J05,E012,Nombre012_05,Apellido012_05,1988-06-05,Pais 012,Defensor,5
E012-J06,E012,Nombre012_06,Apellido012_06,1989-07-17,Pais 012,Defensor,6
E012-J07,E012,Nombre012_07,Apellido012_07,1990-08-01,Pais 012,Defensor,7
E012-J08,E012,Nombre012_08,Apellido012_08,1991-09-13,Pais 012,Defensor,8
E012-J09,E012,Nombre012_09,Apellido012_09,1992-10-25,Pais 012,Defensor,9
E012-J10,E012,Nombre012_10,Apellido012_10,1993-11-09,Pais 012,Mediocampista,10
E012-J11,E012,Nombre012_11,Apellido012_11,1994-12-21,Pais 012,Mediocampista,11
E012-J12,E012,Nombre012_12,Apellido012_12,1995-01-05,Pais 012,Mediocampista,12
E012-J13,E012,Nombre012_13,Apellido012_13,1996-02-17,Pais 012,Mediocampista,13
E012-J14,E012,Nombre012_14,Apellido012_14,1997-03-01,Pais 012,Mediocampista,14
E012-J15,E012,Nombre012_15,Apellido012_15,1998-04-13,Pais 012,Mediocampista,15
E012-J16,E012,Nombre012_16,Apellido012_16,1999-05-25,Pais 012,Mediocampista,16
E012-J17,E012,Nombre012_17,Apellido012_17,2000-06-09,Pais 012,Mediocampista,17
E012-J18,E012,Nombre012_18,Apellido012_18,2001-07-21,Pais 012,Delantero,18
E012-J19,E012,Nombre012_19,Apellido012_19,2002-08-05,Pais 012,Delantero,19
E012-J20,E012,Nombre012_20,Apellido012_20,2003-09-17,Pais 012,Delantero,20
E012-J21,E012,Nombre012_21,Apellido012_21,2004-10-01,Pais 012,Delantero,21
E012-J22,E012,Nombre012_22,Apellido012_22,1988-11-13,Pais 012,Delantero,22
E012-J23,E012,Nombre012_23,Apellido012_23,1989-12-25,Pais 012,Delantero,23
E012-J24,E012,Nombre012_24,Apellido012_24,1990-01-09,Pais 012,Delantero,24
E013-J01,E013,Nombre013_01,Apellido013_01,2002-03-14,Pais 013,Arquero,1
E013-J02,E013,Nombre013_02,Apellido013_02,2003-04-27,Pais 013,Arquero,2
E013-J03,E013,Nombre013_03,Apellido013_03,2004-05-12,Pais 013,Defensor,3
E013-J04,E013,Nombre013_04,Apellido013_04,1988-06-25,Pais 013,Defensor,4
E013-J05,E013,Nombre013_05,Apellido013_05,1989-07-10,Pais 013,Defensor,5
E013-J06,E013,Nombre013_06,Apellido013_06,1990-08-23,Pais 013,Defensor,6
E013-J07,E013,Nombre013_07,Apellido013_07,1991-09-08,Pais 013,Defensor,7
E013-J08,E013,Nombre013_08,Apellido013_08,1992-10-21,Pais 013,Defensor,8
E013-J09,E013,Nombre013_09,Apellido013_09,1993-11-06,Pais 013,Defensor,9
E013-J10,E013,Nombre013_10,Apellido013_10,1994-12-19,Pais 013,Mediocampista,10
E013-J11,E013,Nombre013_11,Apellido013_11,1995-01-04,Pais 013,Mediocampista,11
E013-J12,E013,Nombre013_12,Apellido013_12,1996-02-17,Pais 013,Mediocampista,12
E013-J13,E013,Nombre013_13,Apellido013_13,1997-03-02,Pais 013,Mediocampista,13
E013-J14,E013,Nombre013_14,Apellido013_14,1998-04-15,Pais 013,Mediocampista,14
E013-J15,E013,Nombre013_15,Apellido013_15,1999-05-28,Pais 013,Mediocampista,15
E013-J16,E013,Nombre013_16,Apellido013_16,2000-06-13,Pais 013,Mediocampista,16
E013-J17,E013,Nombre013_17,Apellido013_17,2001-07-26,Pais 013,Mediocampista,17
E013-J18,E013,Nombre013_18,Apellido013_18,2002-08-11,Pais 013,Delantero,18
E013-J19,E013,Nombre013_19,Apellido013_19,2003-09-24,Pais 013,Delantero,19
E013-J20,E013,Nombre013_20,Apellido013_20,2004-10-09,Pais 013,Delantero,20
E013-J21,E013,Nombre013_21,Apellido013_21,1988-11-22,Pais 013,Delantero,21
E013-J22,E013,Nombre013_22,Apellido013_22,1989-12-07,Pais 013,Delantero,22
E013-J23,E013,Nombre013_23,Apellido013_23,1990-01-20,Pais 013,Delantero,23
E013-J24,E013,Nombre013_24,Apellido013_24,1991-02-05,Pais 013,Delantero,24
E014-J01,E014,Nombre014_01,Apellido014_01,2003-04-15,Pais 014,Arquero,1
E014-J02,E014,Nombre014_02,Apellido014_02,2004-05-01,Pais 014,Arquero,2
E014-J03,E014,Nombre014_03,Apellido014_03,1988-06-15,Pais 014,Defensor,3
E014-J04,E014,Nombre014_04,Apellido014_04,1989-07-01,Pais 014,Defensor,4
E014-J05,E014,Nombre014_05,Apellido014_05,1990-08-15,Pais 014,Defensor,5
E014-J06,E014,Nombre014_06,Apellido014_06,1991-09-01,Pais 014,Defensor,6
E014-J07,E014,Nombre014_07,Apellido014_07,1992-10-15,Pais 014,Defensor,7
E014-J08,E014,Nombre014_08,Apellido014_08,1993-11-01,Pais 014,Defensor,8
E014-J09,E014,Nombre014_09,Apellido014_09,1994-12-15,Pais 014,Defensor,9
E014-J10,E014,Nombre014_10,Apellido014_10,1995-01-01,Pais 014,Mediocampista,10
E014-J11,E014,Nombre014_11,Apellido014_11,1996-02-15,Pais 014,Mediocampista,11
E014-J12,E014,Nombre014_12,Apellido014_12,1997-03-01,Pais 014,Mediocampista,12
E014-J13,E014,Nombre014_13,Apellido014_13,1998-04-15,Pais 014,Mediocampista,13
E014-J14,E014,Nombre014_14,Apellido014_14,1999-05-01,Pais 014,Mediocampista,14
E014-J15,E014,Nombre014_15,Apellido014_15,2000-06-15,Pais 014,Mediocampista,15
E014-J16,E014,Nombre014_16,Apellido014_16,2001-07-01,Pais 014,Mediocampista,16
E014-J17,E014,Nombre014_17,Apellido014_17,2002-08-15,Pais 014,Mediocampista,17
E014-J18,E014,Nombre014_18,Apellido014_18,2003-09-01,Pais 014,Delantero,18
E014-J19,E014,Nombre014_19,Apellido014_19,2004-10-15,Pais 014,Delantero,19
E014-J20,E014,Nombre014_20,Apellido014_20,1988-11-01,Pais 014,Delantero,20
E014-J21,E014,Nombre014_21,Apellido014_21,1989-12-15,Pais 014,Delantero,21
E014-J22,E014,Nombre014_22,Apellido014_22,1990-01-01,Pais 014,Delantero,22
E014-J23,E014,Nombre014_23,Apellido014_23,1991-02-15,Pais 014,Delantero,23
E014-J24,E014,Nombre014_24,Apellido014_24,1992-03-01,Pais 014,Delantero,24
E015-J01,E015,Nombre015_01,Apellido015_01,2004-05-16,Pais 015,Arquero,1
E015-J02,E015,Nombre015_02,Apellido015_02,1988-06-03,Pais 015,Arquero,2
E015-J03,E015,Nombre015_03,Apellido015_03,1989-07-18,Pais 015,Defensor,3
E015-J04,E015,Nombre015_04,Apellido015_04,1990-08-05,Pais 015,Defensor,4
E015-J05,E015,Nombre015_05,Apellido015_05,1991-09-20,Pais 015,Defensor,5
E015-J06,E015,Nombre015_06,Apellido015_06,1992-10-07,Pais 015,Defensor,6
E015-J07,E015,Nombre015_07,Apellido015_07,1993-11-22,Pais 015,Defensor,7
E015-J08,E015,Nombre015_08,Apellido015_08,1994-12-09,Pais 015,Defensor,8
E015-J09,E015,Nombre015_09,Apellido015_09,1995-01-24,Pais 015,Defensor,9
E015-J10,E015,Nombre015_10,Apellido015_10,1996-02-11,Pais 015,Mediocampista,10
E015-J11,E015,Nombre015_11,Apellido015_11,1997-03-26,Pais 015,Mediocampista,11
E015-J12,E015,Nombre015_12,Apellido015_12,1998-04-13,Pais 015,Mediocampista,12
E015-J13,E015,Nombre015_13,Apellido015_13,1999-05-28,Pais 015,Mediocampista,13
E015-J14,E015,Nombre015_14,Apellido015_14,2000-06-15,Pais 015,Mediocampista,14
E015-J15,E015,Nombre015_15,Apellido015_15,2001-07-02,Pais 015,Mediocampista,15
E015-J16,E015,Nombre015_16,Apellido015_16,2002-08-17,Pais 015,Mediocampista,16
E015-J17,E015,Nombre015_17,Apellido015_17,2003-09-04,Pais 015,Mediocampista,17
E015-J18,E015,Nombre015_18,Apellido015_18,2004-10-19,Pais 015,Delantero,18
E015-J19,E015,Nombre015_19,Apellido015_19,1988-11-06,Pais 015,Delantero,19
E015-J20,E015,Nombre015_20,Apellido015_20,1989-12-21,Pais 015,Delantero,20
E015-J21,E015,Nombre015_21,Apellido015_21,1990-01-08,Pais 015,Delantero,21
E015-J22,E015,Nombre015_22,Apellido015_22,1991-02-23,Pais 015,Delantero,22
E015-J23,E015,Nombre015_23,Apellido015_23,1992-03-10,Pais 015,Delantero,23
E015-J24,E015,Nombre015_24,Apellido015_24,1993-04-25,Pais 015,Delantero,24
E016-J01,E016,Nombre016_01,Apellido016_01,1988-06-17,Pais 016,Arquero,1
E016-J02,E016,Nombre016_02,Apellido016_02,1989-07-05,Pais 016,Arquero,2
E016-J03,E016,Nombre016_03,Apellido016_03,1990-08-21,Pais 016,Defensor,3
E016-J04,E016,Nombre016_04,Apellido016_04,1991-09-09,Pais 016,Defensor,4
E016-J05,E016,Nombre016_05,Apellido016_05,1992-10-25,Pais 016,Defensor,5
E016-J06,E016,Nombre016_06,Apellido016_06,1993-11-13,Pais 016,Defensor,6
E016-J07,E016,Nombre016_07,Apellido016_07,1994-12-01,Pais 016,Defensor,7
E016-J08,E016,Nombre016_08,Apellido016_08,1995-01-17,Pais 016,Defensor,8
E016-J09,E016,Nombre016_09,Apellido016_09,1996-02-05,Pais 016,Defensor,9
E016-J10,E016,Nombre016_10,Apellido016_10,1997-03-21,Pais 016,Mediocampista,10
E016-J11,E016,Nombre016_11,Apellido016_11,1998-04-09,Pais 016,Mediocampista,11
E016-J12,E016,Nombre016_12,Apellido016_12,1999-05-25,Pais 016,Mediocampista,12
E016-J13,E016,Nombre016_13,Apellido016_13,2000-06-13,Pais 016,Mediocampista,13
E016-J14,E016,Nombre016_14,Apellido016_14,2001-07-01,Pais 016,Mediocampista,14
E016-J15,E016,Nombre016_15,Apellido016_15,2002-08-17,Pais 016,Mediocampista,15
E016-J16,E016,Nombre016_16,Apellido016_16,2003-09-05,Pais 016,Mediocampista,16
E016-J17,E016,Nombre016_17,Apellido016_17,2004-10-21,Pais 016,Mediocampista,17
E016-J18,E016,Nombre016_18,Apellido016_18,1988-11-09,Pais 016,Delantero,18
E016-J19,E016,Nombre016_19,Apellido016_19,1989-12-25,Pais 016,Delantero,19
E016-J20,E016,Nombre016_20,Apellido016_20,1990-01-13,Pais 016,Delantero,20
E016-J21,E016,Nombre016_21,Apellido016_21,1991-02-01,Pais 016,Delantero,21
E016-J22,E016,Nombre016_22,Apellido016_22,1992-03-17,Pais 016,Delantero,22
E016-J23,E016,Nombre016_23,Apellido016_23,1993-04-05,Pais 016,Delantero,23
E016-J24,E016,Nombre016_24,Apellido016_24,1994-05-21,Pais 016,Delantero,24
E017-J01,E017,Nombre017_01,Apellido017_01,1989-07-18,Pais 017,Arquero,1
E017-J02,E017,Nombre017_02,Apellido017_02,1990-08-07,Pais 017,Arquero,2
E017-J03,E017,Nombre017_03,Apellido017_03,1991-09-24,Pais 017,Defensor,3
E017-J04,E017,Nombre017_04,Apellido017_04,1992-10-13,Pais 017,Defensor,4
E017-J05,E017,Nombre017_05,Apellido017_05,1993-11-02,Pais 017,Defensor,5
E017-J06,E017,Nombre017_06,Apellido017_06,1994-12-19,Pais 017,Defensor,6
E017-J07,E017,Nombre017_07,Apellido017_07,1995-01-08,Pais 017,Defensor,7
E017-J08,E017,Nombre017_08,Apellido017_08,1996-02-25,Pais 017,Defensor,8
E017-J09,E017,Nombre017_09,Apellido017_09,1997-03-14,Pais 017,Defensor,9
E017-J10,E017,Nombre017_10,Apellido017_10,1998-04-03,Pais 017,Mediocampista,10
E017-J11,E017,Nombre017_11,Apellido017_11,1999-05-20,Pais 017,Mediocampista,11
E017-J12,E017,Nombre017_12,Apellido017_12,2000-06-09,Pais 017,Mediocampista,12
E017-J13,E017,Nombre017_13,Apellido017_13,2001-07-26,Pais 017,Mediocampista,13
E017-J14,E017,Nombre017_14,Apellido017_14,2002-08-15,Pais 017,Mediocampista,14
E017-J15,E017,Nombre017_15,Apellido017_15,2003-09-04,Pais 017,Mediocampista,15
E017-J16,E017,Nombre017_16,Apellido017_16,2004-10-21,Pais 017,Mediocampista,16
E017-J17,E017,Nombre017_17,Apellido017_17,1988-11-10,Pais 017,Mediocampista,17
E017-J18,E017,Nombre017_18,Apellido017_18,1989-12-27,Pais 017,Delantero,18
E017-J19,E017,Nombre017_19,Apellido017_19,1990-01-16,Pais 017,Delantero,19
E017-J20,E017,Nombre017_20,Apellido017_20,1991-02-05,Pais 017,Delantero,20
E017-J21,E017,Nombre017_21,Apellido017_21,1992-03-22,Pais 017,Delantero,21
E017-J22,E017,Nombre017_22,Apellido017_22,1993-04-11,Pais 017,Delantero,22
E017-J23,E017,Nombre017_23,Apellido017_23,1994-05-28,Pais 017,Delantero,23
E017-J24,E017,Nombre017_24,Apellido017_24,1995-06-17,Pais 017,Delantero,24
E018-J01,E018,Nombre018_01,Apellido018_01,1990-08-19,Pais 018,Arquero,1
E018-J02,E018,Nombre018_02,Apellido018_02,1991-09-09,Pais 018,Arquero,2
E018-J03,E018,Nombre018_03,Apellido018_03,1992-10-27,Pais 018,Defensor,3
E018-J04,E018,Nombre018_04,Apellido018_04,1993-11-17,Pais 018,Defensor,4
E018-J05,E018,Nombre018_05,Apellido018_05,1994-12-07,Pais 018,Defensor,5
E018-J06,E018,Nombre018_06,Apellido018_06,1995-01-25,Pais 018,Defensor,6
E018-J07,E018,Nombre018_07,Apellido018_07,1996-02-15,Pais 018,Defensor,7
E018-J08,E018,Nombre018_08,Apellido018_08,1997-03-05,Pais 018,Defensor,8
E018-J09,E018,Nombre018_09,Apellido018_09,1998-04-23,Pais 018,Defensor,9
E018-J10,E018,Nombre018_10,Apellido018_10,1999-05-13,Pais 018,Mediocampista,10
E018-J11,E018,Nombre018_11,Apellido018_11,2000-06-03,Pais 018,Mediocampista,11
E018-J12,E018,Nombre018_12,Apellido018_12,2001-07-21,Pais 018,Mediocampista,12
E018-J13,E018,Nombre018_13,Apellido018_13,2002-08-11,Pais 018,Mediocampista,13
E018-J14,E018,Nombre018_14,Apellido018_14,2003-09-01,Pais 018,Mediocampista,14
E018-J15,E018,Nombre018_15,Apellido018_15,2004-10-19,Pais 018,Mediocampista,15
E018-J16,E018,Nombre018_16,Apellido018_16,1988-11-09,Pais 018,Mediocampista,16
E018-J17,E018,Nombre018_17,Apellido018_17,1989-12-27,Pais 018,Mediocampista,17
E018-J18,E018,Nombre018_18,Apellido018_18,1990-01-17,Pais 018,Delantero,18
E018-J19,E018,Nombre018_19,Apellido018_19,1991-02-07,Pais 018,Delantero,19
E018-J20,E018,Nombre018_20,Apellido018_20,1992-03-25,Pais 018,Delantero,20
E018-J21,E018,Nombre018_21,Apellido018_21,1993-04-15,Pais 018,Delantero,21
E018-J22,E018,Nombre018_22,Apellido018_22,1994-05-05,Pais 018,Delantero,22
E018-J23,E018,Nombre018_23,Apellido018_23,1995-06-23,Pais 018,Delantero,23
E018-J24,E018,Nombre018_24,Apellido018_24,1996-07-13,Pais 018,Delantero,24
E019-J01,E019,Nombre019_01,Apellido019_01,1991-09-20,Pais 019,Arquero,1
E019-J02,E019,Nombre019_02,Apellido019_02,1992-10-11,Pais 019,Arquero,2
E019-J03,E019,Nombre019_03,Apellido019_03,1993-11-02,Pais 019,Defensor,3
E019-J04,E019,Nombre019_04,Apellido019_04,1994-12-21,Pais 019,Defensor,4
E019-J05,E019,Nombre019_05,Apellido019_05,1995-01-12,Pais 019,Defensor,5
E019-J06,E019,Nombre019_06,Apellido019_06,1996-02-03,Pais 019,Defensor,6
E019-J07,E019,Nombre019_07,Apellido019_07,1997-03-22,Pais 019,Defensor,7
E019-J08,E019,Nombre019_08,Apellido019_08,1998-04-13,Pais 019,Defensor,8
E019-J09,E019,Nombre019_09,Apellido019_09,1999-05-04,Pais 019,Defensor,9
E019-J10,E019,Nombre019_10,Apellido019_10,2000-06-23,Pais 019,Mediocampista,10
E019-J11,E019,Nombre019_11,Apellido019_11,2001-07-14,Pais 019,Mediocampista,11
E019-J12,E019,Nombre019_12,Apellido019_12,2002-08-05,Pais 019,Mediocampista,12
E019-J13,E019,Nombre019_13,Apellido019_13,2003-09-24,Pais 019,Mediocampista,13
E019-J14,E019,Nombre019_14,Apellido019_14,2004-10-15,Pais 019,Mediocampista,14
E019-J15,E019,Nombre019_15,Apellido019_15,1988-11-06,Pais 019,Mediocampista,15
E019-J16,E019,Nombre019_16,Apellido019_16,1989-12-25,Pais 019,Mediocampista,16
E019-J17,E019,Nombre019_17,Apellido019_17,1990-01-16,Pais 019,Mediocampista,17
E019-J18,E019,Nombre019_18,Apellido019_18,1991-02-07,Pais 019,Delantero,18
E019-J19,E019,Nombre019_19,Apellido019_19,1992-03-26,Pais 019,Delantero,19
E019-J20,E019,Nombre019_20,Apellido019_20,1993-04-17,Pais 019,Delantero,20
E019-J21,E019,Nombre019_21,Apellido019_21,1994-05-08,Pais 019,Delantero,21
E019-J22,E019,Nombre019_22,Apellido019_22,1995-06-27,Pais 019,Delantero,22
E019-J23,E019,Nombre019_23,Apellido019_23,1996-07-18,Pais 019,Delantero,23
E019-J24,E019,Nombre019_24,Apellido019_24,1997-08-09,Pais 019,Delantero,24
E020-J01,E020,Nombre020_01,Apellido020_01,1992-10-21,Pais 020,Arquero,1
E020-J02,E020,Nombre020_02,Apellido020_02,1993-11-13,Pais 020,Arquero,2
E020-J03,E020,Nombre020_03,Apellido020_03,1994-12-05,Pais 020,Defensor,3
E020-J04,E020,Nombre020_04,Apellido020_04,1995-01-25,Pais 020,Defensor,4
E020-J05,E020,Nombre020_05,Apellido020_05,1996-02-17,Pais 020,Defensor,5
E020-J06,E020,Nombre020_06,Apellido020_06,1997-03-09,Pais 020,Defensor,6
E020-J07,E020,Nombre020_07,Apellido020_07,1998-04-01,Pais 020,Defensor,7
E020-J08,E020,Nombre020_08,Apellido020_08,1999-05-21,Pais 020,Defensor,8
E020-J09,E020,Nombre020_09,Apellido020_09,2000-06-13,Pais 020,Defensor,9
E020-J10,E020,Nombre020_10,Apellido020_10,2001-07-05,Pais 020,Mediocampista,10
E020-J11,E020,Nombre020_11,Apellido020_11,2002-08-25,Pais 020,Mediocampista,11
E020-J12,E020,Nombre020_12,Apellido020_12,2003-09-17,Pais 020,Mediocampista,12
E020-J13,E020,Nombre020_13,Apellido020_13,2004-10-09,Pais 020,Mediocampista,13
E020-J14,E020,Nombre020_14,Apellido020_14,1988-11-01,Pais 020,Mediocampista,14
E020-J15,E020,Nombre020_15,Apellido020_15,1989-12-21,Pais 020,Mediocampista,15
E020-J16,E020,Nombre020_16,Apellido020_16,1990-01-13,Pais 020,Mediocampista,16
E020-J17,E020,Nombre020_17,Apellido020_17,1991-02-05,Pais 020,Mediocampista,17
E020-J18,E020,Nombre020_18,Apellido020_18,1992-03-25,Pais 020,Delantero,18
E020-J19,E020,Nombre020_19,Apellido020_19,1993-04-17,Pais 020,Delantero,19
E020-J20,E020,Nombre020_20,Apellido020_20,1994-05-09,Pais 020,Delantero,20
E020-J21,E020,Nombre020_21,Apellido020_21,1995-06-01,Pais 020,Delantero,21
E020-J22,E020,Nombre020_22,Apellido020_22,1996-07-21,Pais 020,Delantero,22
E020-J23,E020,Nombre020_23,Apellido020_23,1997-08-13,Pais 020,Delantero,23
E020-J24,E020,Nombre020_24,Apellido020_24,1998-09-05,Pais 020,Delantero,24
E021-J01,E021,Nombre021_01,Apellido021_01,1993-11-22,Pais 021,Arquero,1
E021-J02,E021,Nombre021_02,Apellido021_02,1994-12-15,Pais 021,Arquero,2
E021-J03,E021,Nombre021_03,Apellido021_03,1995-01-08,Pais 021,Defensor,3
E021-J04,E021,Nombre021_04,Apellido021_04,1996-02-01,Pais 021,Defensor,4
E021-J05,E021,Nombre021_05,Apellido021_05,1997-03-22,Pais 021,Defensor,5
E021-J06,E021,Nombre021_06,Apellido021_06,1998-04-15,Pais 021,Defensor,6
E021-J07,E021,Nombre021_07,Apellido021_07,1999-05-08,Pais 021,Defensor,7
E021-J08,E021,Nombre021_08,Apellido021_08,2000-06-01,Pais 021,Defensor,8
E021-J09,E021,Nombre021_09,Apellido021_09,2001-07-22,Pais 021,Defensor,9
E021-J10,E021,Nombre021_10,Apellido021_10,2002-08-15,Pais 021,Mediocampista,10
E021-J11,E021,Nombre021_11,Apellido021_11,2003-09-08,Pais 021,Mediocampista,11
E021-J12,E021,Nombre021_12,Apellido021_12,2004-10-01,Pais 021,Mediocampista,12
E021-J13,E021,Nombre021_13,Apellido021_13,1988-11-22,Pais 021,Mediocampista,13
E021-J14,E021,Nombre021_14,Apellido021_14,1989-12-15,Pais 021,Mediocampista,14
E021-J15,E021,Nombre021_15,Apellido021_15,1990-01-08,Pais 021,Mediocampista,15
E021-J16,E021,Nombre021_16,Apellido021_16,1991-02-01,Pais 021,Mediocampista,16
E021-J17,E021,Nombre021_17,Apellido021_17,1992-03-22,Pais 021,Mediocampista,17
E021-J18,E021,Nombre021_18,Apellido021_18,1993-04-15,Pais 021,Delantero,18
E021-J19,E021,Nombre021_19,Apellido021_19,1994-05-08,Pais 021,Delantero,19
E021-J20,E021,Nombre021_20,Apellido021_20,1995-06-01,Pais 021,Delantero,20
E021-J21,E021,Nombre021_21,Apellido021_21,1996-07-22,Pais 021,Delantero,21
E021-J22,E021,Nombre021_22,Apellido021_22,1997-08-15,Pais 021,Delantero,22
E021-J23,E021,Nombre021_23,Apellido021_23,1998-09-08,Pais 021,Delantero,23
E021-J24,E021,Nombre021_24,Apellido021_24,1999-10-01,Pais 021,Delantero,24
E022-J01,E022,Nombre022_01,Apellido022_01,1994-12-23,Pais 022,Arquero,1
E022-J02,E022,Nombre022_02,Apellido022_02,1995-01-17,Pais 022,Arquero,2
E022-J03,E022,Nombre022_03,Apellido022_03,1996-02-11,Pais 022,Defensor,3
E022-J04,E022,Nombre022_04,Apellido022_04,1997-03-05,Pais 022,Defensor,4
E022-J05,E022,Nombre022_05,Apellido022_05,1998-04-27,Pais 022,Defensor,5
E022-J06,E022,Nombre022_06,Apellido022_06,1999-05-21,Pais 022,Defensor,6
E022-J07,E022,Nombre022_07,Apellido022_07,2000-06-15,Pais 022,Defensor,7
E022-J08,E022,Nombre022_08,Apellido022_08,2001-07-09,Pais 022,Defensor,8
E022-J09,E022,Nombre022_09,Apellido022_09,2002-08-03,Pais 022,Defensor,9
E022-J10,E022,Nombre022_10,Apellido022_10,2003-09-25,Pais 022,Mediocampista,10
E022-J11,E022,Nombre022_11,Apellido022_11,2004-10-19,Pais 022,Mediocampista,11
E022-J12,E022,Nombre022_12,Apellido022_12,1988-11-13,Pais 022,Mediocampista,12
E022-J13,E022,Nombre022_13,Apellido022_13,1989-12-07,Pais 022,Mediocampista,13
E022-J14,E022,Nombre022_14,Apellido022_14,1990-01-01,Pais 022,Mediocampista,14
E022-J15,E022,Nombre022_15,Apellido022_15,1991-02-23,Pais 022,Mediocampista,15
E022-J16,E022,Nombre022_16,Apellido022_16,1992-03-17,Pais 022,Mediocampista,16
E022-J17,E022,Nombre022_17,Apellido022_17,1993-04-11,Pais 022,Mediocampista,17
E022-J18,E022,Nombre022_18,Apellido022_18,1994-05-05,Pais 022,Delantero,18
E022-J19,E022,Nombre022_19,Apellido022_19,1995-06-27,Pais 022,Delantero,19
E022-J20,E022,Nombre022_20,Apellido022_20,1996-07-21,Pais 022,Delantero,20
E022-J21,E022,Nombre022_21,Apellido022_21,1997-08-15,Pais 022,Delantero,21
E022-J22,E022,Nombre022_22,Apellido022_22,1998-09-09,Pais 022,Delantero,22
E022-J23,E022,Nombre022_23,Apellido022_23,1999-10-03,Pais 022,Delantero,23
E022-J24,E022,Nombre022_24,Apellido022_24,2000-11-25,Pais 022,Delantero,24
E023-J01,E023,Nombre023_01,Apellido023_01,1995-01-24,Pais 023,Arquero,1
E023-J02,E023,Nombre023_02,Apellido023_02,1996-02-19,Pais 023,Arquero,2
E023-J03,E023,Nombre023_03,Apellido023_03,1997-03-14,Pais 023,Defensor,3
E023-J04,E023,Nombre023_04,Apellido023_04,1998-04-09,Pais 023,Defensor,4
E023-J05,E023,Nombre023_05,Apellido023_05,1999-05-04,Pais 023,Defensor,5
E023-J06,E023,Nombre023_06,Apellido023_06,2000-06-27,Pais 023,Defensor,6
E023-J07,E023,Nombre023_07,Apellido023_07,2001-07-22,Pais 023,Defensor,7
E023-J08,E023,Nombre023_08,Apellido023_08,2002-08-17,Pais 023,Defensor,8
E023-J09,E023,Nombre023_09,Apellido023_09,2003-09-12,Pais 023,Defensor,9
E023-J10,E023,Nombre023_10,Apellido023_10,2004-10-07,Pais 023,Mediocampista,10
E023-J11,E023,Nombre023_11,Apellido023_11,1988-11-02,Pais 023,Mediocampista,11
E023-J12,E023,Nombre023_12,Apellido023_12,1989-12-25,Pais 023,Mediocampista,12
E023-J13,E023,Nombre023_13,Apellido023_13,1990-01-20,Pais 023,Mediocampista,13
E023-J14,E023,Nombre023_14,Apellido023_14,1991-02-15,Pais 023,Mediocampista,14
E023-J15,E023,Nombre023_15,Apellido023_15,1992-03-10,Pais 023,Mediocampista,15
E023-J16,E023,Nombre023_16,Apellido023_16,1993-04-05,Pais 023,Mediocampista,16
E023-J17,E023,Nombre023_17,Apellido023_17,1994-05-28,Pais 023,Mediocampista,17
E023-J18,E023,Nombre023_18,Apellido023_18,1995-06-23,Pais 023,Delantero,18
E023-J19,E023,Nombre023_19,Apellido023_19,1996-07-18,Pais 023,Delantero,19
E023-J20,E023,Nombre023_20,Apellido023_20,1997-08-13,Pais 023,Delantero,20
E023-J21,E023,Nombre023_21,Apellido023_21,1998-09-08,Pais 023,Delantero,21
E023-J22,E023,Nombre023_22,Apellido023_22,1999-10-03,Pais 023,Delantero,22
E023-J23,E023,Nombre023_23,Apellido023_23,2000-11-26,Pais 023,Delantero,23
E023-J24,E023,Nombre023_24,Apellido023_24,2001-12-21,Pais 023,Delantero,24
E024-J01,E024,Nombre024_01,Apellido024_01,1996-02-25,Pais 024,Arquero,1
E024-J02,E024,Nombre024_02,Apellido024_02,1997-03-21,Pais 024,Arquero,2
E024-J03,E024,Nombre024_03,Apellido024_03,1998-04-17,Pais 024,Defensor,3
E024-J04,E024,Nombre024_04,Apellido024_04,1999-05-13,Pais 024,Defensor,4
E024-J05,E024,Nombre024_05,Apellido024_05,2000-06-09,Pais 024,Defensor,5
E024-J06,E024,Nombre024_06,Apellido024_06,2001-07-05,Pais 024,Defensor,6
E024-J07,E024,Nombre024_07,Apellido024_07,2002-08-01,Pais 024,Defensor,7
E024-J08,E024,Nombre024_08,Apellido024_08,2003-09-25,Pais 024,Defensor,8
E024-J09,E024,Nombre024_09,Apellido024_09,2004-10-21,Pais 024,Defensor,9
E024-J10,E024,Nombre024_10,Apellido024_10,1988-11-17,Pais 024,Mediocampista,10
E024-J11,E024,Nombre024_11,Apellido024_11,1989-12-13,Pais 024,Mediocampista,11
E024-J12,E024,Nombre024_12,Apellido024_12,1990-01-09,Pais 024,Mediocampista,12
E024-J13,E024,Nombre024_13,Apellido024_13,1991-02-05,Pais 024,Mediocampista,13
E024-J14,E024,Nombre024_14,Apellido024_14,1992-03-01,Pais 024,Mediocampista,14
E024-J15,E024,Nombre024_15,Apellido024_15,1993-04-25,Pais 024,Mediocampista,15
E024-J16,E024,Nombre024_16,Apellido024_16,1994-05-21,Pais 024,Mediocampista,16
E024-J17,E024,Nombre024_17,Apellido024_17,1995-06-17,Pais 024,Mediocampista,17
E024-J18,E024,Nombre024_18,Apellido024_18,1996-07-13,Pais 024,Delantero,18
E024-J19,E024,Nombre024_19,Apellido024_19,1997-08-09,Pais 024,Delantero,19
E024-J20,E024,Nombre024_20,Apellido024_20,1998-09-05,Pais 024,Delantero,20
E024-J21,E024,Nombre024_21,Apellido024_21,1999-10-01,Pais 024,Delantero,21
E024-J22,E024,Nombre024_22,Apellido024_22,2000-11-25,Pais 024,Delantero,22
E024-J23,E024,Nombre024_23,Apellido024_23,2001-12-21,Pais 024,Delantero,23
E024-J24,E024,Nombre024_24,Apellido024_24,2002-01-17,Pais 024,Delantero,24
E025-J01,E025,Nombre025_01,Apellido025_01,1997-03-26,Pais 025,Arquero,1
E025-J02,E025,Nombre025_02,Apellido025_02,1998-04-23,Pais 025,Arquero,2
E025-J03,E025,Nombre025_03,Apellido025_03,1999-05-20,Pais 025,Defensor,3
E025-J04,E025,Nombre025_04,Apellido025_04,2000-06-17,Pais 025,Defensor,4
E025-J05,E025,Nombre025_05,Apellido025_05,2001-07-14,Pais 025,Defensor,5
E025-J06,E025,Nombre025_06,Apellido025_06,2002-08-11,Pais 025,Defensor,6
E025-J07,E025,Nombre025_07,Apellido025_07,2003-09-08,Pais 025,Defensor,7
E025-J08,E025,Nombre025_08,Apellido025_08,2004-10-05,Pais 025,Defensor,8
E025-J09,E025,Nombre025_09,Apellido025_09,1988-11-02,Pais 025,Defensor,9
E025-J10,E025,Nombre025_10,Apellido025_10,1989-12-27,Pais 025,Mediocampista,10
E025-J11,E025,Nombre025_11,Apellido025_11,1990-01-24,Pais 025,Mediocampista,11
E025-J12,E025,Nombre025_12,Apellido025_12,1991-02-21,Pais 025,Mediocampista,12
E025-J13,E025,Nombre025_13,Apellido025_13,1992-03-18,Pais 025,Mediocampista,13
E025-J14,E025,Nombre025_14,Apellido025_14,1993-04-15,Pais 025,Mediocampista,14
E025-J15,E025,Nombre025_15,Apellido025_15,1994-05-12,Pais 025,Mediocampista,15
E025-J16,E025,Nombre025_16,Apellido025_16,1995-06-09,Pais 025,Mediocampista,16
E025-J17,E025,Nombre025_17,Apellido025_17,1996-07-06,Pais 025,Mediocampista,17
E025-J18,E025,Nombre025_18,Apellido025_18,1997-08-03,Pais 025,Delantero,18
E025-J19,E025,Nombre025_19,Apellido025_19,1998-09-28,Pais 025,Delantero,19
E025-J20,E025,Nombre025_20,Apellido025_20,1999-10-25,Pais 025,Delantero,20
E025-J21,E025,Nombre025_21,Apellido025_21,2000-11-22,Pais 025,Delantero,21
E025-J22,E025,Nombre025_22,Apellido025_22,2001-12-19,Pais 025,Delantero,22
E025-J23,E025,Nombre025_23,Apellido025_23,2002-01-16,Pais 025,Delantero,23
E025-J24,E025,Nombre025_24,Apellido025_24,2003-02-13,Pais 025,Delantero,24
E026-J01,E026,Nombre026_01,Apellido026_01,1998-04-27,Pais 026,Arquero,1
E026-J02,E026,Nombre026_02,Apellido026_02,1999-05-25,Pais 026,Arquero,2
E026-J03,E026,Nombre026_03,Apellido026_03,2000-06-23,Pais 026,Defensor,3
E026-J04,E026,Nombre026_04,Apellido026_04,2001-07-21,Pais 026,Defensor,4
E026-J05,E026,Nombre026_05,Apellido026_05,2002-08-19,Pais 026,Defensor,5
E026-J06,E026,Nombre026_06,Apellido026_06,2003-09-17,Pais 026,Defensor,6
E026-J07,E026,Nombre026_07,Apellido026_07,2004-10-15,Pais 026,Defensor,7
E026-J08,E026,Nombre026_08,Apellido026_08,1988-11-13,Pais 026,Defensor,8
E026-J09,E026,Nombre026_09,Apellido026_09,1989-12-11,Pais 026,Defensor,9
E026-J10,E026,Nombre026_10,Apellido026_10,1990-01-09,Pais 026,Mediocampista,10
E026-J11,E026,Nombre026_11,Apellido026_11,1991-02-07,Pais 026,Mediocampista,11
E026-J12,E026,Nombre026_12,Apellido026_12,1992-03-05,Pais 026,Mediocampista,12
E026-J13,E026,Nombre026_13,Apellido026_13,1993-04-03,Pais 026,Mediocampista,13
E026-J14,E026,Nombre026_14,Apellido026_14,1994-05-01,Pais 026,Mediocampista,14
E026-J15,E026,Nombre026_15,Apellido026_15,1995-06-27,Pais 026,Mediocampista,15
E026-J16,E026,Nombre026_16,Apellido026_16,1996-07-25,Pais 026,Mediocampista,16
E026-J17,E026,Nombre026_17,Apellido026_17,1997-08-23,Pais 026,Mediocampista,17
E026-J18,E026,Nombre026_18,Apellido026_18,1998-09-21,Pais 026,Delantero,18
E026-J19,E026,Nombre026_19,Apellido026_19,1999-10-19,Pais 026,Delantero,19
E026-J20,E026,Nombre026_20,Apellido026_20,2000-11-17,Pais 026,Delantero,20
E026-J21,E026,Nombre026_21,Apellido026_21,2001-12-15,Pais 026,Delantero,21
E026-J22,E026,Nombre026_22,Apellido026_22,2002-01-13,Pais 026,Delantero,22
E026-J23,E026,Nombre026_23,Apellido026_23,2003-02-11,Pais 026,Delantero,23
E026-J24,E026,Nombre026_24,Apellido026_24,2004-03-09,Pais 026,Delantero,24
E027-J01,E027,Nombre027_01,Apellido027_01,1999-05-28,Pais 027,Arquero,1
E027-J02,E027,Nombre027_02,Apellido027_02,2000-06-27,Pais 027,Arquero,2
E027-J03,E027,Nombre027_03,Apellido027_03,2001-07-26,Pais 027,Defensor,3
E027-J04,E027,Nombre027_04,Apellido027_04,2002-08-25,Pais 027,Defensor,4
E027-J05,E027,Nombre027_05,Apellido027_05,2003-09-24,Pais 027,Defensor,5
E027-J06,E027,Nombre027_06,Apellido027_06,2004-10-23,Pais 027,Defensor,6
E027-J07,E027,Nombre027_07,Apellido027_07,1988-11-22,Pais 027,Defensor,7
E027-J08,E027,Nombre027_08,Apellido027_08,1989-12-21,Pais 027,Defensor,8
E027-J09,E027,Nombre027_09,Apellido027_09,1990-01-20,Pais 027,Defensor,9
E027-J10,E027,Nombre027_10,Apellido027_10,1991-02-19,Pais 027,Mediocampista,10
E027-J11,E027,Nombre027_11,Apellido027_11,1992-03-18,Pais 027,Mediocampista,11
E027-J12,E027,Nombre027_12,Apellido027_12,1993-04-17,Pais 027,Mediocampista,12
E027-J13,E027,Nombre027_13,Apellido027_13,1994-05-16,Pais 027,Mediocampista,13
E027-J14,E027,Nombre027_14,Apellido027_14,1995-06-15,Pais 027,Mediocampista,14
E027-J15,E027,Nombre027_15,Apellido027_15,1996-07-14,Pais 027,Mediocampista,15
E027-J16,E027,Nombre027_16,Apellido027_16,1997-08-13,Pais 027,Mediocampista,16
E027-J17,E027,Nombre027_17,Apellido027_17,1998-09-12,Pais 027,Mediocampista,17
E027-J18,E027,Nombre027_18,Apellido027_18,1999-10-11,Pais 027,Delantero,18
E027-J19,E027,Nombre027_19,Apellido027_19,2000-11-10,Pais 027,Delantero,19
E027-J20,E027,Nombre027_20,Apellido027_20,2001-12-09,Pais 027,Delantero,20
E027-J21,E027,Nombre027_21,Apellido027_21,2002-01-08,Pais 027,Delantero,21
E027-J22,E027,Nombre027_22,Apellido027_22,2003-02-07,Pais 027,Delantero,22
E027-J23,E027,Nombre027_23,Apellido027_23,2004-03-06,Pais 027,Delantero,23
E027-J24,E027,Nombre027_24,Apellido027_24,1988-04-05,Pais 027,Delantero,24
E028-J01,E028,Nombre028_01,Apellido028_01,2000-06-01,Pais 028,Arquero,1
E028-J02,E028,Nombre028_02,Apellido028_02,2001-07-01,Pais 028,Arquero,2
E028-J03,E028,Nombre028_03,Apellido028_03,2002-08-01,Pais 028,Defensor,3
E028-J04,E028,Nombre028_04,Apellido028_04,2003-09-01,Pais 028,Defensor,4
E028-J05,E028,Nombre028_05,Apellido028_05,2004-10-01,Pais 028,Defensor,5
E028-J06,E028,Nombre028_06,Apellido028_06,1988-11-01,Pais 028,Defensor,6
E028-J07,E028,Nombre028_07,Apellido028_07,1989-12-01,Pais 028,Defensor,7
E028-J08,E028,Nombre028_08,Apellido028_08,1990-01-01,Pais 028,Defensor,8
E028-J09,E028,Nombre028_09,Apellido028_09,1991-02-01,Pais 028,Defensor,9
E028-J10,E028,Nombre028_10,Apellido028_10,1992-03-01,Pais 028,Mediocampista,10
E028-J11,E028,Nombre028_11,Apellido028_11,1993-04-01,Pais 028,Mediocampista,11
E028-J12,E028,Nombre028_12,Apellido028_12,1994-05-01,Pais 028,Mediocampista,12
E028-J13,E028,Nombre028_13,Apellido028_13,1995-06-01,Pais 028,Mediocampista,13
E028-J14,E028,Nombre028_14,Apellido028_14,1996-07-01,Pais 028,Mediocampista,14
E028-J15,E028,Nombre028_15,Apellido028_15,1997-08-01,Pais 028,Mediocampista,15
E028-J16,E028,Nombre028_16,Apellido028_16,1998-09-01,Pais 028,Mediocampista,16
E028-J17,E028,Nombre028_17,Apellido028_17,1999-10-01,Pais 028,Mediocampista,17
E028-J18,E028,Nombre028_18,Apellido028_18,2000-11-01,Pais 028,Delantero,18
E028-J19,E028,Nombre028_19,Apellido028_19,2001-12-01,Pais 028,Delantero,19
E028-J20,E028,Nombre028_20,Apellido028_20,2002-01-01,Pais 028,Delantero,20
E028-J21,E028,Nombre028_21,Apellido028_21,2003-02-01,Pais 028,Delantero,21
E028-J22,E028,Nombre028_22,Apellido028_22,2004-03-01,Pais 028,Delantero,22
E028-J23,E028,Nombre028_23,Apellido028_23,1988-04-01,Pais 028,Delantero,23
E028-J24,E028,Nombre028_24,Apellido028_24,1989-05-01,Pais 028,Delantero,24
E029-J01,E029,Nombre029_01,Apellido029_01,2001-07-02,Pais 029,Arquero,1
E029-J02,E029,Nombre029_02,Apellido029_02,2002-08-03,Pais 029,Arquero,2
E029-J03,E029,Nombre029_03,Apellido029_03,2003-09-04,Pais 029,Defensor,3
E029-J04,E029,Nombre029_04,Apellido029_04,2004-10-05,Pais 029,Defensor,4
E029-J05,E029,Nombre029_05,Apellido029_05,1988-11-06,Pais 029,Defensor,5
E029-J06,E029,Nombre029_06,Apellido029_06,1989-12-07,Pais 029,Defensor,6
E029-J07,E029,Nombre029_07,Apellido029_07,1990-01-08,Pais 029,Defensor,7
E029-J08,E029,Nombre029_08,Apellido029_08,1991-02-09,Pais 029,Defensor,8
E029-J09,E029,Nombre029_09,Apellido029_09,1992-03-10,Pais 029,Defensor,9
E029-J10,E029,Nombre029_10,Apellido029_10,1993-04-11,Pais 029,Mediocampista,10
E029-J11,E029,Nombre029_11,Apellido029_11,1994-05-12,Pais 029,Mediocampista,11
E029-J12,E029,Nombre029_12,Apellido029_12,1995-06-13,Pais 029,Mediocampista,12
E029-J13,E029,Nombre029_13,Apellido029_13,1996-07-14,Pais 029,Mediocampista,13
E029-J14,E029,Nombre029_14,Apellido029_14,1997-08-15,Pais 029,Mediocampista,14
E029-J15,E029,Nombre029_15,Apellido029_15,1998-09-16,Pais 029,Mediocampista,15
E029-J16,E029,Nombre029_16,Apellido029_16,1999-10-17,Pais 029,Mediocampista,16
E029-J17,E029,Nombre029_17,Apellido029_17,2000-11-18,Pais 029,Mediocampista,17
E029-J18,E029,Nombre029_18,Apellido029_18,2001-12-19,Pais 029,Delantero,18
E029-J19,E029,Nombre029_19,Apellido029_19,2002-01-20,Pais 029,Delantero,19
E029-J20,E029,Nombre029_20,Apellido029_20,2003-02-21,Pais 029,Delantero,20
E029-J21,E029,Nombre029_21,Apellido029_21,2004-03-22,Pais 029,Delantero,21
E029-J22,E029,Nombre029_22,Apellido029_22,1988-04-23,Pais 029,Delantero,22
E029-J23,E029,Nombre029_23,Apellido029_23,1989-05-24,Pais 029,Delantero,23
E029-J24,E029,Nombre029_24,Apellido029_24,1990-06-25,Pais 029,Delantero,24
E030-J01,E030,Nombre030_01,Apellido030_01,2002-08-03,Pais 030,Arquero,1
E030-J02,E030,Nombre030_02,Apellido030_02,2003-09-05,Pais 030,Arquero,2
E030-J03,E030,Nombre030_03,Apellido030_03,2004-10-07,Pais 030,Defensor,3
E030-J04,E030,Nombre030_04,Apellido030_04,1988-11-09,Pais 030,Defensor,4
E030-J05,E030,Nombre030_05,Apellido030_05,1989-12-11,Pais 030,Defensor,5
E030-J06,E030,Nombre030_06,Apellido030_06,1990-01-13,Pais 030,Defensor,6
E030-J07,E030,Nombre030_07,Apellido030_07,1991-02-15,Pais 030,Defensor,7
E030-J08,E030,Nombre030_08,Apellido030_08,1992-03-17,Pais 030,Defensor,8
E030-J09,E030,Nombre030_09,Apellido030_09,1993-04-19,Pais 030,Defensor,9
E030-J10,E030,Nombre030_10,Apellido030_10,1994-05-21,Pais 030,Mediocampista,10
E030-J11,E030,Nombre030_11,Apellido030_11,1995-06-23,Pais 030,Mediocampista,11
E030-J12,E030,Nombre030_12,Apellido030_12,1996-07-25,Pais 030,Mediocampista,12
E030-J13,E030,Nombre030_13,Apellido030_13,1997-08-27,Pais 030,Mediocampista,13
E030-J14,E030,Nombre030_14,Apellido030_14,1998-09-01,Pais 030,Mediocampista,14
E030-J15,E030,Nombre030_15,Apellido030_15,1999-10-03,Pais 030,Mediocampista,15
E030-J16,E030,Nombre030_16,Apellido030_16,2000-11-05,Pais 030,Mediocampista,16
E030-J17,E030,Nombre030_17,Apellido030_17,2001-12-07,Pais 030,Mediocampista,17
E030-J18,E030,Nombre030_18,Apellido030_18,2002-01-09,Pais 030,Delantero,18
E030-J19,E030,Nombre030_19,Apellido030_19,2003-02-11,Pais 030,Delantero,19
E030-J20,E030,Nombre030_20,Apellido030_20,2004-03-13,Pais 030,Delantero,20
E030-J21,E030,Nombre030_21,Apellido030_21,1988-04-15,Pais 030,Delantero,21
E030-J22,E030,Nombre030_22,Apellido030_22,1989-05-17,Pais 030,Delantero,22
E030-J23,E030,Nombre030_23,Apellido030_23,1990-06-19,Pais 030,Delantero,23
E030-J24,E030,Nombre030_24,Apellido030_24,1991-07-21,Pais 030,Delantero,24
E031-J01,E031,Nombre031_01,Apellido031_01,2003-09-04,Pais 031,Arquero,1
E031-J02,E031,Nombre031_02,Apellido031_02,2004-10-07,Pais 031,Arquero,2
E031-J03,E031,Nombre031_03,Apellido031_03,1988-11-10,Pais 031,Defensor,3
E031-J04,E031,Nombre031_04,Apellido031_04,1989-12-13,Pais 031,Defensor,4
E031-J05,E031,Nombre031_05,Apellido031_05,1990-01-16,Pais 031,Defensor,5
E031-J06,E031,Nombre031_06,Apellido031_06,1991-02-19,Pais 031,Defensor,6
E031-J07,E031,Nombre031_07,Apellido031_07,1992-03-22,Pais 031,Defensor,7
E031-J08,E031,Nombre031_08,Apellido031_08,1993-04-25,Pais 031,Defensor,8
E031-J09,E031,Nombre031_09,Apellido031_09,1994-05-28,Pais 031,Defensor,9
E031-J10,E031,Nombre031_10,Apellido031_10,1995-06-03,Pais 031,Mediocampista,10
E031-J11,E031,Nombre031_11,Apellido031_11,1996-07-06,Pais 031,Mediocampista,11
E031-J12,E031,Nombre031_12,Apellido031_12,1997-08-09,Pais 031,Mediocampista,12
E031-J13,E031,Nombre031_13,Apellido031_13,1998-09-12,Pais 031,Mediocampista,13
E031-J14,E031,Nombre031_14,Apellido031_14,1999-10-15,Pais 031,Mediocampista,14
E031-J15,E031,Nombre031_15,Apellido031_15,2000-11-18,Pais 031,Mediocampista,15
E031-J16,E031,Nombre031_16,Apellido031_16,2001-12-21,Pais 031,Mediocampista,16
E031-J17,E031,Nombre031_17,Apellido031_17,2002-01-24,Pais 031,Mediocampista,17
E031-J18,E031,Nombre031_18,Apellido031_18,2003-02-27,Pais 031,Delantero,18
E031-J19,E031,Nombre031_19,Apellido031_19,2004-03-02,Pais 031,Delantero,19
E031-J20,E031,Nombre031_20,Apellido031_20,1988-04-05,Pais 031,Delantero,20
E031-J21,E031,Nombre031_21,Apellido031_21,1989-05-08,Pais 031,Delantero,21
E031-J22,E031,Nombre031_22,Apellido031_22,1990-06-11,Pais 031,Delantero,22
E031-J23,E031,Nombre031_23,Apellido031_23,1991-07-14,Pais 031,Delantero,23
E031-J24,E031,Nombre031_24,Apellido031_24,1992-08-17,Pais 031,Delantero,24
E032-J01,E032,Nombre032_01,Apellido032_01,2004-10-05,Pais 032,Arquero,1
E032-J02,E032,Nombre032_02,Apellido032_02,1988-11-09,Pais 032,Arquero,2
E032-J03,E032,Nombre032_03,Apellido032_03,1989-12-13,Pais 032,Defensor,3
E032-J04,E032,Nombre032_04,Apellido032_04,1990-01-17,Pais 032,Defensor,4
E032-J05,E032,Nombre032_05,Apellido032_05,1991-02-21,Pais 032,Defensor,5
E032-J06,E032,Nombre032_06,Apellido032_06,1992-03-25,Pais 032,Defensor,6
E032-J07,E032,Nombre032_07,Apellido032_07,1993-04-01,Pais 032,Defensor,7
E032-J08,E032,Nombre032_08,Apellido032_08,1994-05-05,Pais 032,Defensor,8
E032-J09,E032,Nombre032_09,Apellido032_09,1995-06-09,Pais 032,Defensor,9
E032-J10,E032,Nombre032_10,Apellido032_10,1996-07-13,Pais 032,Mediocampista,10
E032-J11,E032,Nombre032_11,Apellido032_11,1997-08-17,Pais 032,Mediocampista,11
E032-J12,E032,Nombre032_12,Apellido032_12,1998-09-21,Pais 032,Mediocampista,12
E032-J13,E032,Nombre032_13,Apellido032_13,1999-10-25,Pais 032,Mediocampista,13
E032-J14,E032,Nombre032_14,Apellido032_14,2000-11-01,Pais 032,Mediocampista,14
E032-J15,E032,Nombre032_15,Apellido032_15,2001-12-05,Pais 032,Mediocampista,15
E032-J16,E032,Nombre032_16,Apellido032_16,2002-01-09,Pais 032,Mediocampista,16
E032-J17,E032,Nombre032_17,Apellido032_17,2003-02-13,Pais 032,Mediocampista,17
E032-J18,E032,Nombre032_18,Apellido032_18,2004-03-17,Pais 032,Delantero,18
E032-J19,E032,Nombre032_19,Apellido032_19,1988-04-21,Pais 032,Delantero,19
E032-J20,E032,Nombre032_20,Apellido032_20,1989-05-25,Pais 032,Delantero,20
E032-J21,E032,Nombre032_21,Apellido032_21,1990-06-01,Pais 032,Delantero,21
E032-J22,E032,Nombre032_22,Apellido032_22,1991-07-05,Pais 032,Delantero,22
E032-J23,E032,Nombre032_23,Apellido032_23,1992-08-09,Pais 032,Delantero,23
E032-J24,E032,Nombre032_24,Apellido032_24,1993-09-13,Pais 032,Delantero,24
E033-J01,E033,Nombre033_01,Apellido033_01,1988-11-06,Pais 033,Arquero,1
E033-J02,E033,Nombre033_02,Apellido033_02,1989-12-11,Pais 033,Arquero,2
E033-J03,E033,Nombre033_03,Apellido033_03,1990-01-16,Pais 033,Defensor,3
E033-J04,E033,Nombre033_04,Apellido033_04,1991-02-21,Pais 033,Defensor,4
E033-J05,E033,Nombre033_05,Apellido033_05,1992-03-26,Pais 033,Defensor,5
E033-J06,E033,Nombre033_06,Apellido033_06,1993-04-03,Pais 033,Defensor,6
E033-J07,E033,Nombre033_07,Apellido033_07,1994-05-08,Pais 033,Defensor,7
E033-J08,E033,Nombre033_08,Apellido033_08,1995-06-13,Pais 033,Defensor,8
E033-J09,E033,Nombre033_09,Apellido033_09,1996-07-18,Pais 033,Defensor,9
E033-J10,E033,Nombre033_10,Apellido033_10,1997-08-23,Pais 033,Mediocampista,10
E033-J11,E033,Nombre033_11,Apellido033_11,1998-09-28,Pais 033,Mediocampista,11
E033-J12,E033,Nombre033_12,Apellido033_12,1999-10-05,Pais 033,Mediocampista,12
E033-J13,E033,Nombre033_13,Apellido033_13,2000-11-10,Pais 033,Mediocampista,13
E033-J14,E033,Nombre033_14,Apellido033_14,2001-12-15,Pais 033,Mediocampista,14
E033-J15,E033,Nombre033_15,Apellido033_15,2002-01-20,Pais 033,Mediocampista,15
E033-J16,E033,Nombre033_16,Apellido033_16,2003-02-25,Pais 033,Mediocampista,16
E033-J17,E033,Nombre033_17,Apellido033_17,2004-03-02,Pais 033,Mediocampista,17
E033-J18,E033,Nombre033_18,Apellido033_18,1988-04-07,Pais 033,Delantero,18
E033-J19,E033,Nombre033_19,Apellido033_19,1989-05-12,Pais 033,Delantero,19
E033-J20,E033,Nombre033_20,Apellido033_20,1990-06-17,Pais 033,Delantero,20
E033-J21,E033,Nombre033_21,Apellido033_21,1991-07-22,Pais 033,Delantero,21
E033-J22,E033,Nombre033_22,Apellido033_22,1992-08-27,Pais 033,Delantero,22
E033-J23,E033,Nombre033_23,Apellido033_23,1993-09-04,Pais 033,Delantero,23
E033-J24,E033,Nombre033_24,Apellido033_24,1994-10-09,Pais 033,Delantero,24
E034-J01,E034,Nombre034_01,Apellido034_01,1989-12-07,Pais 034,Arquero,1
E034-J02,E034,Nombre034_02,Apellido034_02,1990-01-13,Pais 034,Arquero,2
E034-J03,E034,Nombre034_03,Apellido034_03,1991-02-19,Pais 034,Defensor,3
E034-J04,E034,Nombre034_04,Apellido034_04,1992-03-25,Pais 034,Defensor,4
E034-J05,E034,Nombre034_05,Apellido034_05,1993-04-03,Pais 034,Defensor,5
E034-J06,E034,Nombre034_06,Apellido034_06,1994-05-09,Pais 034,Defensor,6
E034-J07,E034,Nombre034_07,Apellido034_07,1995-06-15,Pais 034,Defensor,7
E034-J08,E034,Nombre034_08,Apellido034_08,1996-07-21,Pais 034,Defensor,8
E034-J09,E034,Nombre034_09,Apellido034_09,1997-08-27,Pais 034,Defensor,9
E034-J10,E034,Nombre034_10,Apellido034_10,1998-09-05,Pais 034,Mediocampista,10
E034-J11,E034,Nombre034_11,Apellido034_11,1999-10-11,Pais 034,Mediocampista,11
E034-J12,E034,Nombre034_12,Apellido034_12,2000-11-17,Pais 034,Mediocampista,12
E034-J13,E034,Nombre034_13,Apellido034_13,2001-12-23,Pais 034,Mediocampista,13
E034-J14,E034,Nombre034_14,Apellido034_14,2002-01-01,Pais 034,Mediocampista,14
E034-J15,E034,Nombre034_15,Apellido034_15,2003-02-07,Pais 034,Mediocampista,15
E034-J16,E034,Nombre034_16,Apellido034_16,2004-03-13,Pais 034,Mediocampista,16
E034-J17,E034,Nombre034_17,Apellido034_17,1988-04-19,Pais 034,Mediocampista,17
E034-J18,E034,Nombre034_18,Apellido034_18,1989-05-25,Pais 034,Delantero,18
E034-J19,E034,Nombre034_19,Apellido034_19,1990-06-03,Pais 034,Delantero,19
E034-J20,E034,Nombre034_20,Apellido034_20,1991-07-09,Pais 034,Delantero,20
E034-J21,E034,Nombre034_21,Apellido034_21,1992-08-15,Pais 034,Delantero,21
E034-J22,E034,Nombre034_22,Apellido034_22,1993-09-21,Pais 034,Delantero,22
E034-J23,E034,Nombre034_23,Apellido034_23,1994-10-27,Pais 034,Delantero,23
E034-J24,E034,Nombre034_24,Apellido034_24,1995-11-05,Pais 034,Delantero,24
E035-J01,E035,Nombre035_01,Apellido035_01,1990-01-08,Pais 035,Arquero,1
E035-J02,E035,Nombre035_02,Apellido035_02,1991-02-15,Pais 035,Arquero,2
E035-J03,E035,Nombre035_03,Apellido035_03,1992-03-22,Pais 035,Defensor,3
E035-J04,E035,Nombre035_04,Apellido035_04,1993-04-01,Pais 035,Defensor,4
E035-J05,E035,Nombre035_05,Apellido035_05,1994-05-08,Pais 035,Defensor,5
E035-J06,E035,Nombre035_06,Apellido035_06,1995-06-15,Pais 035,Defensor,6
E035-J07,E035,Nombre035_07,Apellido035_07,1996-07-22,Pais 035,Defensor,7
E035-J08,E035,Nombre035_08,Apellido035_08,1997-08-01,Pais 035,Defensor,8
E035-J09,E035,Nombre035_09,Apellido035_09,1998-09-08,Pais 035,Defensor,9
E035-J10,E035,Nombre035_10,Apellido035_10,1999-10-15,Pais 035,Mediocampista,10
E035-J11,E035,Nombre035_11,Apellido035_11,2000-11-22,Pais 035,Mediocampista,11
E035-J12,E035,Nombre035_12,Apellido035_12,2001-12-01,Pais 035,Mediocampista,12
E035-J13,E035,Nombre035_13,Apellido035_13,2002-01-08,Pais 035,Mediocampista,13
E035-J14,E035,Nombre035_14,Apellido035_14,2003-02-15,Pais 035,Mediocampista,14
E035-J15,E035,Nombre035_15,Apellido035_15,2004-03-22,Pais 035,Mediocampista,15
E035-J16,E035,Nombre035_16,Apellido035_16,1988-04-01,Pais 035,Mediocampista,16
E035-J17,E035,Nombre035_17,Apellido035_17,1989-05-08,Pais 035,Mediocampista,17
E035-J18,E035,Nombre035_18,Apellido035_18,1990-06-15,Pais 035,Delantero,18
E035-J19,E035,Nombre035_19,Apellido035_19,1991-07-22,Pais 035,Delantero,19
E035-J20,E035,Nombre035_20,Apellido035_20,1992-08-01,Pais 035,Delantero,20
E035-J21,E035,Nombre035_21,Apellido035_21,1993-09-08,Pais 035,Delantero,21
E035-J22,E035,Nombre035_22,Apellido035_22,1994-10-15,Pais 035,Delantero,22
E035-J23,E035,Nombre035_23,Apellido035_23,1995-11-22,Pais 035,Delantero,23
E035-J24,E035,Nombre035_24,Apellido035_24,1996-12-01,Pais 035,Delantero,24
E036-J01,E036,Nombre036_01,Apellido036_01,1991-02-09,Pais 036,Arquero,1
E036-J02,E036,Nombre036_02,Apellido036_02,1992-03-17,Pais 036,Arquero,2
E036-J03,E036,Nombre036_03,Apellido036_03,1993-04-25,Pais 036,Defensor,3
E036-J04,E036,Nombre036_04,Apellido036_04,1994-05-05,Pais 036,Defensor,4
E036-J05,E036,Nombre036_05,Apellido036_05,1995-06-13,Pais 036,Defensor,5
E036-J06,E036,Nombre036_06,Apellido036_06,1996-07-21,Pais 036,Defensor,6
E036-J07,E036,Nombre036_07,Apellido036_07,1997-08-01,Pais 036,Defensor,7
E036-J08,E036,Nombre036_08,Apellido036_08,1998-09-09,Pais 036,Defensor,8
E036-J09,E036,Nombre036_09,Apellido036_09,1999-10-17,Pais 036,Defensor,9
E036-J10,E036,Nombre036_10,Apellido036_10,2000-11-25,Pais 036,Mediocampista,10
E036-J11,E036,Nombre036_11,Apellido036_11,2001-12-05,Pais 036,Mediocampista,11
E036-J12,E036,Nombre036_12,Apellido036_12,2002-01-13,Pais 036,Mediocampista,12
E036-J13,E036,Nombre036_13,Apellido036_13,2003-02-21,Pais 036,Mediocampista,13
E036-J14,E036,Nombre036_14,Apellido036_14,2004-03-01,Pais 036,Mediocampista,14
E036-J15,E036,Nombre036_15,Apellido036_15,1988-04-09,Pais 036,Mediocampista,15
E036-J16,E036,Nombre036_16,Apellido036_16,1989-05-17,Pais 036,Mediocampista,16
E036-J17,E036,Nombre036_17,Apellido036_17,1990-06-25,Pais 036,Mediocampista,17
E036-J18,E036,Nombre036_18,Apellido036_18,1991-07-05,Pais 036,Delantero,18
E036-J19,E036,Nombre036_19,Apellido036_19,1992-08-13,Pais 036,Delantero,19
E036-J20,E036,Nombre036_20,Apellido036_20,1993-09-21,Pais 036,Delantero,20
E036-J21,E036,Nombre036_21,Apellido036_21,1994-10-01,Pais 036,Delantero,21
E036-J22,E036,Nombre036_22,Apellido036_22,1995-11-09,Pais 036,Delantero,22
E036-J23,E036,Nombre036_23,Apellido036_23,1996-12-17,Pais 036,Delantero,23
E036-J24,E036,Nombre036_24,Apellido036_24,1997-01-25,Pais 036,Delantero,24
E037-J01,E037,Nombre037_01,Apellido037_01,1992-03-10,Pais 037,Arquero,1
E037-J02,E037,Nombre037_02,Apellido037_02,1993-04-19,Pais 037,Arquero,2
E037-J03,E037,Nombre037_03,Apellido037_03,1994-05-28,Pais 037,Defensor,3
E037-J04,E037,Nombre037_04,Apellido037_04,1995-06-09,Pais 037,Defensor,4
E037-J05,E037,Nombre037_05,Apellido037_05,1996-07-18,Pais 037,Defensor,5
E037-J06,E037,Nombre037_06,Apellido037_06,1997-08-27,Pais 037,Defensor,6
E037-J07,E037,Nombre037_07,Apellido037_07,1998-09-08,Pais 037,Defensor,7
E037-J08,E037,Nombre037_08,Apellido037_08,1999-10-17,Pais 037,Defensor,8
E037-J09,E037,Nombre037_09,Apellido037_09,2000-11-26,Pais 037,Defensor,9
E037-J10,E037,Nombre037_10,Apellido037_10,2001-12-07,Pais 037,Mediocampista,10
E037-J11,E037,Nombre037_11,Apellido037_11,2002-01-16,Pais 037,Mediocampista,11
E037-J12,E037,Nombre037_12,Apellido037_12,2003-02-25,Pais 037,Mediocampista,12
E037-J13,E037,Nombre037_13,Apellido037_13,2004-03-06,Pais 037,Mediocampista,13
E037-J14,E037,Nombre037_14,Apellido037_14,1988-04-15,Pais 037,Mediocampista,14
E037-J15,E037,Nombre037_15,Apellido037_15,1989-05-24,Pais 037,Mediocampista,15
E037-J16,E037,Nombre037_16,Apellido037_16,1990-06-05,Pais 037,Mediocampista,16
E037-J17,E037,Nombre037_17,Apellido037_17,1991-07-14,Pais 037,Mediocampista,17
E037-J18,E037,Nombre037_18,Apellido037_18,1992-08-23,Pais 037,Delantero,18
E037-J19,E037,Nombre037_19,Apellido037_19,1993-09-04,Pais 037,Delantero,19
E037-J20,E037,Nombre037_20,Apellido037_20,1994-10-13,Pais 037,Delantero,20
E037-J21,E037,Nombre037_21,Apellido037_21,1995-11-22,Pais 037,Delantero,21
E037-J22,E037,Nombre037_22,Apellido037_22,1996-12-03,Pais 037,Delantero,22
E037-J23,E037,Nombre037_23,Apellido037_23,1997-01-12,Pais 037,Delantero,23
E037-J24,E037,Nombre037_24,Apellido037_24,1998-02-21,Pais 037,Delantero,24
E038-J01,E038,Nombre038_01,Apellido038_01,1993-04-11,Pais 038,Arquero,1
E038-J02,E038,Nombre038_02,Apellido038_02,1994-05-21,Pais 038,Arquero,2
E038-J03,E038,Nombre038_03,Apellido038_03,1995-06-03,Pais 038,Defensor,3
E038-J04,E038,Nombre038_04,Apellido038_04,1996-07-13,Pais 038,Defensor,4
E038-J05,E038,Nombre038_05,Apellido038_05,1997-08-23,Pais 038,Defensor,5
E038-J06,E038,Nombre038_06,Apellido038_06,1998-09-05,Pais 038,Defensor,6
E038-J07,E038,Nombre038_07,Apellido038_07,1999-10-15,Pais 038,Defensor,7
E038-J08,E038,Nombre038_08,Apellido038_08,2000-11-25,Pais 038,Defensor,8
E038-J09,E038,Nombre038_09,Apellido038_09,2001-12-07,Pais 038,Defensor,9
E038-J10,E038,Nombre038_10,Apellido038_10,2002-01-17,Pais 038,Mediocampista,10
E038-J11,E038,Nombre038_11,Apellido038_11,2003-02-27,Pais 038,Mediocampista,11
E038-J12,E038,Nombre038_12,Apellido038_12,2004-03-09,Pais 038,Mediocampista,12
E038-J13,E038,Nombre038_13,Apellido038_13,1988-04-19,Pais 038,Mediocampista,13
E038-J14,E038,Nombre038_14,Apellido038_14,1989-05-01,Pais 038,Mediocampista,14
E038-J15,E038,Nombre038_15,Apellido038_15,1990-06-11,Pais 038,Mediocampista,15
E038-J16,E038,Nombre038_16,Apellido038_16,1991-07-21,Pais 038,Mediocampista,16
E038-J17,E038,Nombre038_17,Apellido038_17,1992-08-03,Pais 038,Mediocampista,17
E038-J18,E038,Nombre038_18,Apellido038_18,1993-09-13,Pais 038,Delantero,18
E038-J19,E038,Nombre038_19,Apellido038_19,1994-10-23,Pais 038,Delantero,19
E038-J20,E038,Nombre038_20,Apellido038_20,1995-11-05,Pais 038,Delantero,20
E038-J21,E038,Nombre038_21,Apellido038_21,1996-12-15,Pais 038,Delantero,21
E038-J22,E038,Nombre038_22,Apellido038_22,1997-01-25,Pais 038,Delantero,22
E038-J23,E038,Nombre038_23,Apellido038_23,1998-02-07,Pais 038,Delantero,23
E038-J24,E038,Nombre038_24,Apellido038_24,1999-03-17,Pais 038,Delantero,24
E039-J01,E039,Nombre039_01,Apellido039_01,1994-05-12,Pais 039,Arquero,1
E039-J02,E039,Nombre039_02,Apellido039_02,1995-06-23,Pais 039,Arquero,2
E039-J03,E039,Nombre039_03,Apellido039_03,1996-07-06,Pais 039,Defensor,3
E039-J04,E039,Nombre039_04,Apellido039_04,1997-08-17,Pais 039,Defensor,4
E039-J05,E039,Nombre039_05,Apellido039_05,1998-09-28,Pais 039,Defensor,5
E039-J06,E039,Nombre039_06,Apellido039_06,1999-10-11,Pais 039,Defensor,6
E039-J07,E039,Nombre039_07,Apellido039_07,2000-11-22,Pais 039,Defensor,7
E039-J08,E039,Nombre039_08,Apellido039_08,2001-12-05,Pais 039,Defensor,8
E039-J09,E039,Nombre039_09,Apellido039_09,2002-01-16,Pais 039,Defensor,9
E039-J10,E039,Nombre039_10,Apellido039_10,2003-02-27,Pais 039,Mediocampista,10
E039-J11,E039,Nombre039_11,Apellido039_11,2004-03-10,Pais 039,Mediocampista,11
E039-J12,E039,Nombre039_12,Apellido039_12,1988-04-21,Pais 039,Mediocampista,12
E039-J13,E039,Nombre039_13,Apellido039_13,1989-05-04,Pais 039,Mediocampista,13
E039-J14,E039,Nombre039_14,Apellido039_14,1990-06-15,Pais 039,Mediocampista,14
E039-J15,E039,Nombre039_15,Apellido039_15,1991-07-26,Pais 039,Mediocampista,15
E039-J16,E039,Nombre039_16,Apellido039_16,1992-08-09,Pais 039,Mediocampista,16
E039-J17,E039,Nombre039_17,Apellido039_17,1993-09-20,Pais 039,Mediocampista,17
E039-J18,E039,Nombre039_18,Apellido039_18,1994-10-03,Pais 039,Delantero,18
E039-J19,E039,Nombre039_19,Apellido039_19,1995-11-14,Pais 039,Delantero,19
E039-J20,E039,Nombre039_20,Apellido039_20,1996-12-25,Pais 039,Delantero,20
E039-J21,E039,Nombre039_21,Apellido039_21,1997-01-08,Pais 039,Delantero,21
E039-J22,E039,Nombre039_22,Apellido039_22,1998-02-19,Pais 039,Delantero,22
E039-J23,E039,Nombre039_23,Apellido039_23,1999-03-02,Pais 039,Delantero,23
E039-J24,E039,Nombre039_24,Apellido039_24,2000-04-13,Pais 039,Delantero,24
E040-J01,E040,Nombre040_01,Apellido040_01,1995-06-13,Pais 040,Arquero,1
E040-J02,E040,Nombre040_02,Apellido040_02,1996-07-25,Pais 040,Arquero,2
E040-J03,E040,Nombre040_03,Apellido040_03,1997-08-09,Pais 040,Defensor,3
E040-J04,E040,Nombre040_04,Apellido040_04,1998-09-21,Pais 040,Defensor,4
E040-J05,E040,Nombre040_05,Apellido040_05,1999-10-05,Pais 040,Defensor,5
E040-J06,E040,Nombre040_06,Apellido040_06,2000-11-17,Pais 040,Defensor,6
E040-J07,E040,Nombre040_07,Apellido040_07,2001-12-01,Pais 040,Defensor,7
E040-J08,E040,Nombre040_08,Apellido040_08,2002-01-13,Pais 040,Defensor,8
E040-J09,E040,Nombre040_09,Apellido040_09,2003-02-25,Pais 040,Defensor,9
E040-J10,E040,Nombre040_10,Apellido040_10,2004-03-09,Pais 040,Mediocampista,10
E040-J11,E040,Nombre040_11,Apellido040_11,1988-04-21,Pais 040,Mediocampista,11
E040-J12,E040,Nombre040_12,Apellido040_12,1989-05-05,Pais 040,Mediocampista,12
E040-J13,E040,Nombre040_13,Apellido040_13,1990-06-17,Pais 040,Mediocampista,13
E040-J14,E040,Nombre040_14,Apellido040_14,1991-07-01,Pais 040,Mediocampista,14
E040-J15,E040,Nombre040_15,Apellido040_15,1992-08-13,Pais 040,Mediocampista,15
E040-J16,E040,Nombre040_16,Apellido040_16,1993-09-25,Pais 040,Mediocampista,16
E040-J17,E040,Nombre040_17,Apellido040_17,1994-10-09,Pais 040,Mediocampista,17
E040-J18,E040,Nombre040_18,Apellido040_18,1995-11-21,Pais 040,Delantero,18
E040-J19,E040,Nombre040_19,Apellido040_19,1996-12-05,Pais 040,Delantero,19
E040-J20,E040,Nombre040_20,Apellido040_20,1997-01-17,Pais 040,Delantero,20
E040-J21,E040,Nombre040_21,Apellido040_21,1998-02-01,Pais 040,Delantero,21
E040-J22,E040,Nombre040_22,Apellido040_22,1999-03-13,Pais 040,Delantero,22
E040-J23,E040,Nombre040_23,Apellido040_23,2000-04-25,Pais 040,Delantero,23
E040-J24,E040,Nombre040_24,Apellido040_24,2001-05-09,Pais 040,Delantero,24
E041-J01,E041,Nombre041_01,Apellido041_01,1996-07-14,Pais 041,Arquero,1
E041-J02,E041,Nombre041_02,Apellido041_02,1997-08-27,Pais 041,Arquero,2
E041-J03,E041,Nombre041_03,Apellido041_03,1998-09-12,Pais 041,Defensor,3
E041-J04,E041,Nombre041_04,Apellido041_04,1999-10-25,Pais 041,Defensor,4
E041-J05,E041,Nombre041_05,Apellido041_05,2000-11-10,Pais 041,Defensor,5
E041-J06,E041,Nombre041_06,Apellido041_06,2001-12-23,Pais 041,Defensor,6
E041-J07,E041,Nombre041_07,Apellido041_07,2002-01-08,Pais 041,Defensor,7
E041-J08,E041,Nombre041_08,Apellido041_08,2003-02-21,Pais 041,Defensor,8
E041-J09,E041,Nombre041_09,Apellido041_09,2004-03-06,Pais 041,Defensor,9
E041-J10,E041,Nombre041_10,Apellido041_10,1988-04-19,Pais 041,Mediocampista,10
E041-J11,E041,Nombre041_11,Apellido041_11,1989-05-04,Pais 041,Mediocampista,11
E041-J12,E041,Nombre041_12,Apellido041_12,1990-06-17,Pais 041,Mediocampista,12
E041-J13,E041,Nombre041_13,Apellido041_13,1991-07-02,Pais 041,Mediocampista,13
E041-J14,E041,Nombre041_14,Apellido041_14,1992-08-15,Pais 041,Mediocampista,14
E041-J15,E041,Nombre041_15,Apellido041_15,1993-09-28,Pais 041,Mediocampista,15
E041-J16,E041,Nombre041_16,Apellido041_16,1994-10-13,Pais 041,Mediocampista,16
E041-J17,E041,Nombre041_17,Apellido041_17,1995-11-26,Pais 041,Mediocampista,17
E041-J18,E041,Nombre041_18,Apellido041_18,1996-12-11,Pais 041,Delantero,18
E041-J19,E041,Nombre041_19,Apellido041_19,1997-01-24,Pais 041,Delantero,19
E041-J20,E041,Nombre041_20,Apellido041_20,1998-02-09,Pais 041,Delantero,20
E041-J21,E041,Nombre041_21,Apellido041_21,1999-03-22,Pais 041,Delantero,21
E041-J22,E041,Nombre041_22,Apellido041_22,2000-04-07,Pais 041,Delantero,22
E041-J23,E041,Nombre041_23,Apellido041_23,2001-05-20,Pais 041,Delantero,23
E041-J24,E041,Nombre041_24,Apellido041_24,2002-06-05,Pais 041,Delantero,24
E042-J01,E042,Nombre042_01,Apellido042_01,1997-08-15,Pais 042,Arquero,1
E042-J02,E042,Nombre042_02,Apellido042_02,1998-09-01,Pais 042,Arquero,2
E042-J03,E042,Nombre042_03,Apellido042_03,1999-10-15,Pais 042,Defensor,3
E042-J04,E042,Nombre042_04,Apellido042_04,2000-11-01,Pais 042,Defensor,4
E042-J05,E042,Nombre042_05,Apellido042_05,2001-12-15,Pais 042,Defensor,5
E042-J06,E042,Nombre042_06,Apellido042_06,2002-01-01,Pais 042,Defensor,6
E042-J07,E042,Nombre042_07,Apellido042_07,2003-02-15,Pais 042,Defensor,7
E042-J08,E042,Nombre042_08,Apellido042_08,2004-03-01,Pais 042,Defensor,8
E042-J09,E042,Nombre042_09,Apellido042_09,1988-04-15,Pais 042,Defensor,9
E042-J10,E042,Nombre042_10,Apellido042_10,1989-05-01,Pais 042,Mediocampista,10
E042-J11,E042,Nombre042_11,Apellido042_11,1990-06-15,Pais 042,Mediocampista,11
E042-J12,E042,Nombre042_12,Apellido042_12,1991-07-01,Pais 042,Mediocampista,12
E042-J13,E042,Nombre042_13,Apellido042_13,1992-08-15,Pais 042,Mediocampista,13
E042-J14,E042,Nombre042_14,Apellido042_14,1993-09-01,Pais 042,Mediocampista,14
E042-J15,E042,Nombre042_15,Apellido042_15,1994-10-15,Pais 042,Mediocampista,15
E042-J16,E042,Nombre042_16,Apellido042_16,1995-11-01,Pais 042,Mediocampista,16
E042-J17,E042,Nombre042_17,Apellido042_17,1996-12-15,Pais 042,Mediocampista,17
E042-J18,E042,Nombre042_18,Apellido042_18,1997-01-01,Pais 042,Delantero,18
E042-J19,E042,Nombre042_19,Apellido042_19,1998-02-15,Pais 042,Delantero,19
E042-J20,E042,Nombre042_20,Apellido042_20,1999-03-01,Pais 042,Delantero,20
E042-J21,E042,Nombre042_21,Apellido042_21,2000-04-15,Pais 042,Delantero,21
E042-J22,E042,Nombre042_22,Apellido042_22,2001-05-01,Pais 042,Delantero,22
E042-J23,E042,Nombre042_23,Apellido042_23,2002-06-15,Pais 042,Delantero,23
E042-J24,E042,Nombre042_24,Apellido042_24,2003-07-01,Pais 042,Delantero,24
E043-J01,E043,Nombre043_01,Apellido043_01,1998-09-16,Pais 043,Arquero,1
E043-J02,E043,Nombre043_02,Apellido043_02,1999-10-03,Pais 043,Arquero,2
E043-J03,E043,Nombre043_03,Apellido043_03,2000-11-18,Pais 043,Defensor,3
E043-J04,E043,Nombre043_04,Apellido043_04,2001-12-05,Pais 043,Defensor,4
E043-J05,E043,Nombre043_05,Apellido043_05,2002-01-20,Pais 043,Defensor,5
E043-J06,E043,Nombre043_06,Apellido043_06,2003-02-07,Pais 043,Defensor,6
E043-J07,E043,Nombre043_07,Apellido043_07,2004-03-22,Pais 043,Defensor,7
E043-J08,E043,Nombre043_08,Apellido043_08,1988-04-09,Pais 043,Defensor,8
E043-J09,E043,Nombre043_09,Apellido043_09,1989-05-24,Pais 043,Defensor,9
E043-J10,E043,Nombre043_10,Apellido043_10,1990-06-11,Pais 043,Mediocampista,10
E043-J11,E043,Nombre043_11,Apellido043_11,1991-07-26,Pais 043,Mediocampista,11
E043-J12,E043,Nombre043_12,Apellido043_12,1992-08-13,Pais 043,Mediocampista,12
E043-J13,E043,Nombre043_13,Apellido043_13,1993-09-28,Pais 043,Mediocampista,13
E043-J14,E043,Nombre043_14,Apellido043_14,1994-10-15,Pais 043,Mediocampista,14
E043-J15,E043,Nombre043_15,Apellido043_15,1995-11-02,Pais 043,Mediocampista,15
E043-J16,E043,Nombre043_16,Apellido043_16,1996-12-17,Pais 043,Mediocampista,16
E043-J17,E043,Nombre043_17,Apellido043_17,1997-01-04,Pais 043,Mediocampista,17
E043-J18,E043,Nombre043_18,Apellido043_18,1998-02-19,Pais 043,Delantero,18
E043-J19,E043,Nombre043_19,Apellido043_19,1999-03-06,Pais 043,Delantero,19
E043-J20,E043,Nombre043_20,Apellido043_20,2000-04-21,Pais 043,Delantero,20
E043-J21,E043,Nombre043_21,Apellido043_21,2001-05-08,Pais 043,Delantero,21
E043-J22,E043,Nombre043_22,Apellido043_22,2002-06-23,Pais 043,Delantero,22
E043-J23,E043,Nombre043_23,Apellido043_23,2003-07-10,Pais 043,Delantero,23
E043-J24,E043,Nombre043_24,Apellido043_24,2004-08-25,Pais 043,Delantero,24
E044-J01,E044,Nombre044_01,Apellido044_01,1999-10-17,Pais 044,Arquero,1
E044-J02,E044,Nombre044_02,Apellido044_02,2000-11-05,Pais 044,Arquero,2
E044-J03,E044,Nombre044_03,Apellido044_03,2001-12-21,Pais 044,Defensor,3
E044-J04,E044,Nombre044_04,Apellido044_04,2002-01-09,Pais 044,Defensor,4
E044-J05,E044,Nombre044_05,Apellido044_05,2003-02-25,Pais 044,Defensor,5
E044-J06,E044,Nombre044_06,Apellido044_06,2004-03-13,Pais 044,Defensor,6
E044-J07,E044,Nombre044_07,Apellido044_07,1988-04-01,Pais 044,Defensor,7
E044-J08,E044,Nombre044_08,Apellido044_08,1989-05-17,Pais 044,Defensor,8
E044-J09,E044,Nombre044_09,Apellido044_09,1990-06-05,Pais 044,Defensor,9
E044-J10,E044,Nombre044_10,Apellido044_10,1991-07-21,Pais 044,Mediocampista,10
E044-J11,E044,Nombre044_11,Apellido044_11,1992-08-09,Pais 044,Mediocampista,11
E044-J12,E044,Nombre044_12,Apellido044_12,1993-09-25,Pais 044,Mediocampista,12
E044-J13,E044,Nombre044_13,Apellido044_13,1994-10-13,Pais 044,Mediocampista,13
E044-J14,E044,Nombre044_14,Apellido044_14,1995-11-01,Pais 044,Mediocampista,14
E044-J15,E044,Nombre044_15,Apellido044_15,1996-12-17,Pais 044,Mediocampista,15
E044-J16,E044,Nombre044_16,Apellido044_16,1997-01-05,Pais 044,Mediocampista,16
E044-J17,E044,Nombre044_17,Apellido044_17,1998-02-21,Pais 044,Mediocampista,17
E044-J18,E044,Nombre044_18,Apellido044_18,1999-03-09,Pais 044,Delantero,18
E044-J19,E044,Nombre044_19,Apellido044_19,2000-04-25,Pais 044,Delantero,19
E044-J20,E044,Nombre044_20,Apellido044_20,2001-05-13,Pais 044,Delantero,20
E044-J21,E044,Nombre044_21,Apellido044_21,2002-06-01,Pais 044,Delantero,21
E044-J22,E044,Nombre044_22,Apellido044_22,2003-07-17,Pais 044,Delantero,22
E044-J23,E044,Nombre044_23,Apellido044_23,2004-08-05,Pais 044,Delantero,23
E044-J24,E044,Nombre044_24,Apellido044_24,1988-09-21,Pais 044,Delantero,24
E045-J01,E045,Nombre045_01,Apellido045_01,2000-11-18,Pais 045,Arquero,1
E045-J02,E045,Nombre045_02,Apellido045_02,2001-12-07,Pais 045,Arquero,2
E045-J03,E045,Nombre045_03,Apellido045_03,2002-01-24,Pais 045,Defensor,3
E045-J04,E045,Nombre045_04,Apellido045_04,2003-02-13,Pais 045,Defensor,4
E045-J05,E045,Nombre045_05,Apellido045_05,2004-03-02,Pais 045,Defensor,5
E045-J06,E045,Nombre045_06,Apellido045_06,1988-04-19,Pais 045,Defensor,6
E045-J07,E045,Nombre045_07,Apellido045_07,1989-05-08,Pais 045,Defensor,7
E045-J08,E045,Nombre045_08,Apellido045_08,1990-06-25,Pais 045,Defensor,8
E045-J09,E045,Nombre045_09,Apellido045_09,1991-07-14,Pais 045,Defensor,9
E045-J10,E045,Nombre045_10,Apellido045_10,1992-08-03,Pais 045,Mediocampista,10
E045-J11,E045,Nombre045_11,Apellido045_11,1993-09-20,Pais 045,Mediocampista,11
E045-J12,E045,Nombre045_12,Apellido045_12,1994-10-09,Pais 045,Mediocampista,12
E045-J13,E045,Nombre045_13,Apellido045_13,1995-11-26,Pais 045,Mediocampista,13
E045-J14,E045,Nombre045_14,Apellido045_14,1996-12-15,Pais 045,Mediocampista,14
E045-J15,E045,Nombre045_15,Apellido045_15,1997-01-04,Pais 045,Mediocampista,15
E045-J16,E045,Nombre045_16,Apellido045_16,1998-02-21,Pais 045,Mediocampista,16
E045-J17,E045,Nombre045_17,Apellido045_17,1999-03-10,Pais 045,Mediocampista,17
E045-J18,E045,Nombre045_18,Apellido045_18,2000-04-27,Pais 045,Delantero,18
E045-J19,E045,Nombre045_19,Apellido045_19,2001-05-16,Pais 045,Delantero,19
E045-J20,E045,Nombre045_20,Apellido045_20,2002-06-05,Pais 045,Delantero,20
E045-J21,E045,Nombre045_21,Apellido045_21,2003-07-22,Pais 045,Delantero,21
E045-J22,E045,Nombre045_22,Apellido045_22,2004-08-11,Pais 045,Delantero,22
E045-J23,E045,Nombre045_23,Apellido045_23,1988-09-28,Pais 045,Delantero,23
E045-J24,E045,Nombre045_24,Apellido045_24,1989-10-17,Pais 045,Delantero,24
E046-J01,E046,Nombre046_01,Apellido046_01,2001-12-19,Pais 046,Arquero,1
E046-J02,E046,Nombre046_02,Apellido046_02,2002-01-09,Pais 046,Arquero,2
E046-J03,E046,Nombre046_03,Apellido046_03,2003-02-27,Pais 046,Defensor,3
E046-J04,E046,Nombre046_04,Apellido046_04,2004-03-17,Pais 046,Defensor,4
E046-J05,E046,Nombre046_05,Apellido046_05,1988-04-07,Pais 046,Defensor,5
E046-J06,E046,Nombre046_06,Apellido046_06,1989-05-25,Pais 046,Defensor,6
E046-J07,E046,Nombre046_07,Apellido046_07,1990-06-15,Pais 046,Defensor,7
E046-J08,E046,Nombre046_08,Apellido046_08,1991-07-05,Pais 046,Defensor,8
E046-J09,E046,Nombre046_09,Apellido046_09,1992-08-23,Pais 046,Defensor,9
E046-J10,E046,Nombre046_10,Apellido046_10,1993-09-13,Pais 046,Mediocampista,10
E046-J11,E046,Nombre046_11,Apellido046_11,1994-10-03,Pais 046,Mediocampista,11
E046-J12,E046,Nombre046_12,Apellido046_12,1995-11-21,Pais 046,Mediocampista,12
E046-J13,E046,Nombre046_13,Apellido046_13,1996-12-11,Pais 046,Mediocampista,13
E046-J14,E046,Nombre046_14,Apellido046_14,1997-01-01,Pais 046,Mediocampista,14
E046-J15,E046,Nombre046_15,Apellido046_15,1998-02-19,Pais 046,Mediocampista,15
E046-J16,E046,Nombre046_16,Apellido046_16,1999-03-09,Pais 046,Mediocampista,16
E046-J17,E046,Nombre046_17,Apellido046_17,2000-04-27,Pais 046,Mediocampista,17
E046-J18,E046,Nombre046_18,Apellido046_18,2001-05-17,Pais 046,Delantero,18
E046-J19,E046,Nombre046_19,Apellido046_19,2002-06-07,Pais 046,Delantero,19
E046-J20,E046,Nombre046_20,Apellido046_20,2003-07-25,Pais 046,Delantero,20
E046-J21,E046,Nombre046_21,Apellido046_21,2004-08-15,Pais 046,Delantero,21
E046-J22,E046,Nombre046_22,Apellido046_22,1988-09-05,Pais 046,Delantero,22
E046-J23,E046,Nombre046_23,Apellido046_23,1989-10-23,Pais 046,Delantero,23
E046-J24,E046,Nombre046_24,Apellido046_24,1990-11-13,Pais 046,Delantero,24
E047-J01,E047,Nombre047_01,Apellido047_01,2002-01-20,Pais 047,Arquero,1
E047-J02,E047,Nombre047_02,Apellido047_02,2003-02-11,Pais 047,Arquero,2
E047-J03,E047,Nombre047_03,Apellido047_03,2004-03-02,Pais 047,Defensor,3
E047-J04,E047,Nombre047_04,Apellido047_04,1988-04-21,Pais 047,Defensor,4
E047-J05,E047,Nombre047_05,Apellido047_05,1989-05-12,Pais 047,Defensor,5
E047-J06,E047,Nombre047_06,Apellido047_06,1990-06-03,Pais 047,Defensor,6
E047-J07,E047,Nombre047_07,Apellido047_07,1991-07-22,Pais 047,Defensor,7
E047-J08,E047,Nombre047_08,Apellido047_08,1992-08-13,Pais 047,Defensor,8
E047-J09,E047,Nombre047_09,Apellido047_09,1993-09-04,Pais 047,Defensor,9
E047-J10,E047,Nombre047_10,Apellido047_10,1994-10-23,Pais 047,Mediocampista,10
E047-J11,E047,Nombre047_11,Apellido047_11,1995-11-14,Pais 047,Mediocampista,11
E047-J12,E047,Nombre047_12,Apellido047_12,1996-12-05,Pais 047,Mediocampista,12
E047-J13,E047,Nombre047_13,Apellido047_13,1997-01-24,Pais 047,Mediocampista,13
E047-J14,E047,Nombre047_14,Apellido047_14,1998-02-15,Pais 047,Mediocampista,14
E047-J15,E047,Nombre047_15,Apellido047_15,1999-03-06,Pais 047,Mediocampista,15
E047-J16,E047,Nombre047_16,Apellido047_16,2000-04-25,Pais 047,Mediocampista,16
E047-J17,E047,Nombre047_17,Apellido047_17,2001-05-16,Pais 047,Mediocampista,17
E047-J18,E047,Nombre047_18,Apellido047_18,2002-06-07,Pais 047,Delantero,18
E047-J19,E047,Nombre047_19,Apellido047_19,2003-07-26,Pais 047,Delantero,19
E047-J20,E047,Nombre047_20,Apellido047_20,2004-08-17,Pais 047,Delantero,20
E047-J21,E047,Nombre047_21,Apellido047_21,1988-09-08,Pais 047,Delantero,21
E047-J22,E047,Nombre047_22,Apellido047_22,1989-10-27,Pais 047,Delantero,22
E047-J23,E047,Nombre047_23,Apellido047_23,1990-11-18,Pais 047,Delantero,23
E047-J24,E047,Nombre047_24,Apellido047_24,1991-12-09,Pais 047,Delantero,24
E048-J01,E048,Nombre048_01,Apellido048_01,2003-02-21,Pais 048,Arquero,1
E048-J02,E048,Nombre048_02,Apellido048_02,2004-03-13,Pais 048,Arquero,2
E048-J03,E048,Nombre048_03,Apellido048_03,1988-04-05,Pais 048,Defensor,3
E048-J04,E048,Nombre048_04,Apellido048_04,1989-05-25,Pais 048,Defensor,4
E048-J05,E048,Nombre048_05,Apellido048_05,1990-06-17,Pais 048,Defensor,5
E048-J06,E048,Nombre048_06,Apellido048_06,1991-07-09,Pais 048,Defensor,6
E048-J07,E048,Nombre048_07,Apellido048_07,1992-08-01,Pais 048,Defensor,7
E048-J08,E048,Nombre048_08,Apellido048_08,1993-09-21,Pais 048,Defensor,8
E048-J09,E048,Nombre048_09,Apellido048_09,1994-10-13,Pais 048,Defensor,9
E048-J10,E048,Nombre048_10,Apellido048_10,1995-11-05,Pais 048,Mediocampista,10
E048-J11,E048,Nombre048_11,Apellido048_11,1996-12-25,Pais 048,Mediocampista,11
E048-J12,E048,Nombre048_12,Apellido048_12,1997-01-17,Pais 048,Mediocampista,12
E048-J13,E048,Nombre048_13,Apellido048_13,1998-02-09,Pais 048,Mediocampista,13
E048-J14,E048,Nombre048_14,Apellido048_14,1999-03-01,Pais 048,Mediocampista,14
E048-J15,E048,Nombre048_15,Apellido048_15,2000-04-21,Pais 048,Mediocampista,15
E048-J16,E048,Nombre048_16,Apellido048_16,2001-05-13,Pais 048,Mediocampista,16
E048-J17,E048,Nombre048_17,Apellido048_17,2002-06-05,Pais 048,Mediocampista,17
E048-J18,E048,Nombre048_18,Apellido048_18,2003-07-25,Pais 048,Delantero,18
E048-J19,E048,Nombre048_19,Apellido048_19,2004-08-17,Pais 048,Delantero,19
E048-J20,E048,Nombre048_20,Apellido048_20,1988-09-09,Pais 048,Delantero,20
E048-J21,E048,Nombre048_21,Apellido048_21,1989-10-01,Pais 048,Delantero,21
E048-J22,E048,Nombre048_22,Apellido048_22,1990-11-21,Pais 048,Delantero,22
E048-J23,E048,Nombre048_23,Apellido048_23,1991-12-13,Pais 048,Delantero,23
E048-J24,E048,Nombre048_24,Apellido048_24,1992-01-05,Pais 048,Delantero,24
E049-J01,E049,Nombre049_01,Apellido049_01,2004-03-22,Pais 049,Arquero,1
E049-J02,E049,Nombre049_02,Apellido049_02,1988-04-15,Pais 049,Arquero,2
E049-J03,E049,Nombre049_03,Apellido049_03,1989-05-08,Pais 049,Defensor,3
E049-J04,E049,Nombre049_04,Apellido049_04,1990-06-01,Pais 049,Defensor,4
E049-J05,E049,Nombre049_05,Apellido049_05,1991-07-22,Pais 049,Defensor,5
E049-J06,E049,Nombre049_06,Apellido049_06,1992-08-15,Pais 049,Defensor,6
E049-J07,E049,Nombre049_07,Apellido049_07,1993-09-08,Pais 049,Defensor,7
E049-J08,E049,Nombre049_08,Apellido049_08,1994-10-01,Pais 049,Defensor,8
E049-J09,E049,Nombre049_09,Apellido049_09,1995-11-22,Pais 049,Defensor,9
E049-J10,E049,Nombre049_10,Apellido049_10,1996-12-15,Pais 049,Mediocampista,10
E049-J11,E049,Nombre049_11,Apellido049_11,1997-01-08,Pais 049,Mediocampista,11
E049-J12,E049,Nombre049_12,Apellido049_12,1998-02-01,Pais 049,Mediocampista,12
E049-J13,E049,Nombre049_13,Apellido049_13,1999-03-22,Pais 049,Mediocampista,13
E049-J14,E049,Nombre049_14,Apellido049_14,2000-04-15,Pais 049,Mediocampista,14
E049-J15,E049,Nombre049_15,Apellido049_15,2001-05-08,Pais 049,Mediocampista,15
E049-J16,E049,Nombre049_16,Apellido049_16,2002-06-01,Pais 049,Mediocampista,16
E049-J17,E049,Nombre049_17,Apellido049_17,2003-07-22,Pais 049,Mediocampista,17
E049-J18,E049,Nombre049_18,Apellido049_18,2004-08-15,Pais 049,Delantero,18
E049-J19,E049,Nombre049_19,Apellido049_19,1988-09-08,Pais 049,Delantero,19
E049-J20,E049,Nombre049_20,Apellido049_20,1989-10-01,Pais 049,Delantero,20
E049-J21,E049,Nombre049_21,Apellido049_21,1990-11-22,Pais 049,Delantero,21
E049-J22,E049,Nombre049_22,Apellido049_22,1991-12-15,Pais 049,Delantero,22
E049-J23,E049,Nombre049_23,Apellido049_23,1992-01-08,Pais 049,Delantero,23
E049-J24,E049,Nombre049_24,Apellido049_24,1993-02-01,Pais 049,Delantero,24
E050-J01,E050,Nombre050_01,Apellido050_01,1988-04-23,Pais 050,Arquero,1
E050-J02,E050,Nombre050_02,Apellido050_02,1989-05-17,Pais 050,Arquero,2
E050-J03,E050,Nombre050_03,Apellido050_03,1990-06-11,Pais 050,Defensor,3
E050-J04,E050,Nombre050_04,Apellido050_04,1991-07-05,Pais 050,Defensor,4
E050-J05,E050,Nombre050_05,Apellido050_05,1992-08-27,Pais 050,Defensor,5
E050-J06,E050,Nombre050_06,Apellido050_06,1993-09-21,Pais 050,Defensor,6
E050-J07,E050,Nombre050_07,Apellido050_07,1994-10-15,Pais 050,Defensor,7
E050-J08,E050,Nombre050_08,Apellido050_08,1995-11-09,Pais 050,Defensor,8
E050-J09,E050,Nombre050_09,Apellido050_09,1996-12-03,Pais 050,Defensor,9
E050-J10,E050,Nombre050_10,Apellido050_10,1997-01-25,Pais 050,Mediocampista,10
E050-J11,E050,Nombre050_11,Apellido050_11,1998-02-19,Pais 050,Mediocampista,11
E050-J12,E050,Nombre050_12,Apellido050_12,1999-03-13,Pais 050,Mediocampista,12
E050-J13,E050,Nombre050_13,Apellido050_13,2000-04-07,Pais 050,Mediocampista,13
E050-J14,E050,Nombre050_14,Apellido050_14,2001-05-01,Pais 050,Mediocampista,14
E050-J15,E050,Nombre050_15,Apellido050_15,2002-06-23,Pais 050,Mediocampista,15
E050-J16,E050,Nombre050_16,Apellido050_16,2003-07-17,Pais 050,Mediocampista,16
E050-J17,E050,Nombre050_17,Apellido050_17,2004-08-11,Pais 050,Mediocampista,17
E050-J18,E050,Nombre050_18,Apellido050_18,1988-09-05,Pais 050,Delantero,18
E050-J19,E050,Nombre050_19,Apellido050_19,1989-10-27,Pais 050,Delantero,19
E050-J20,E050,Nombre050_20,Apellido050_20,1990-11-21,Pais 050,Delantero,20
E050-J21,E050,Nombre050_21,Apellido050_21,1991-12-15,Pais 050,Delantero,21
E050-J22,E050,Nombre050_22,Apellido050_22,1992-01-09,Pais 050,Delantero,22
E050-J23,E050,Nombre050_23,Apellido050_23,1993-02-03,Pais 050,Delantero,23
E050-J24,E050,Nombre050_24,Apellido050_24,1994-03-25,Pais 050,Delantero,24
E051-J01,E051,Nombre051_01,Apellido051_01,1989-05-24,Pais 051,Arquero,1
E051-J02,E051,Nombre051_02,Apellido051_02,1990-06-19,Pais 051,Arquero,2
E051-J03,E051,Nombre051_03,Apellido051_03,1991-07-14,Pais 051,Defensor,3
E051-J04,E051,Nombre051_04,Apellido051_04,1992-08-09,Pais 051,Defensor,4
E051-J05,E051,Nombre051_05,Apellido051_05,1993-09-04,Pais 051,Defensor,5
E051-J06,E051,Nombre051_06,Apellido051_06,1994-10-27,Pais 051,Defensor,6
E051-J07,E051,Nombre051_07,Apellido051_07,1995-11-22,Pais 051,Defensor,7
E051-J08,E051,Nombre051_08,Apellido051_08,1996-12-17,Pais 051,Defensor,8
E051-J09,E051,Nombre051_09,Apellido051_09,1997-01-12,Pais 051,Defensor,9
E051-J10,E051,Nombre051_10,Apellido051_10,1998-02-07,Pais 051,Mediocampista,10
E051-J11,E051,Nombre051_11,Apellido051_11,1999-03-02,Pais 051,Mediocampista,11
E051-J12,E051,Nombre051_12,Apellido051_12,2000-04-25,Pais 051,Mediocampista,12
E051-J13,E051,Nombre051_13,Apellido051_13,2001-05-20,Pais 051,Mediocampista,13
E051-J14,E051,Nombre051_14,Apellido051_14,2002-06-15,Pais 051,Mediocampista,14
E051-J15,E051,Nombre051_15,Apellido051_15,2003-07-10,Pais 051,Mediocampista,15
E051-J16,E051,Nombre051_16,Apellido051_16,2004-08-05,Pais 051,Mediocampista,16
E051-J17,E051,Nombre051_17,Apellido051_17,1988-09-28,Pais 051,Mediocampista,17
E051-J18,E051,Nombre051_18,Apellido051_18,1989-10-23,Pais 051,Delantero,18
E051-J19,E051,Nombre051_19,Apellido051_19,1990-11-18,Pais 051,Delantero,19
E051-J20,E051,Nombre051_20,Apellido051_20,1991-12-13,Pais 051,Delantero,20
E051-J21,E051,Nombre051_21,Apellido051_21,1992-01-08,Pais 051,Delantero,21
E051-J22,E051,Nombre051_22,Apellido051_22,1993-02-03,Pais 051,Delantero,22
E051-J23,E051,Nombre051_23,Apellido051_23,1994-03-26,Pais 051,Delantero,23
E051-J24,E051,Nombre051_24,Apellido051_24,1995-04-21,Pais 051,Delantero,24
E052-J01,E052,Nombre052_01,Apellido052_01,1990-06-25,Pais 052,Arquero,1
E052-J02,E052,Nombre052_02,Apellido052_02,1991-07-21,Pais 052,Arquero,2
E052-J03,E052,Nombre052_03,Apellido052_03,1992-08-17,Pais 052,Defensor,3
E052-J04,E052,Nombre052_04,Apellido052_04,1993-09-13,Pais 052,Defensor,4
E052-J05,E052,Nombre052_05,Apellido052_05,1994-10-09,Pais 052,Defensor,5
E052-J06,E052,Nombre052_06,Apellido052_06,1995-11-05,Pais 052,Defensor,6
E052-J07,E052,Nombre052_07,Apellido052_07,1996-12-01,Pais 052,Defensor,7
E052-J08,E052,Nombre052_08,Apellido052_08,1997-01-25,Pais 052,Defensor,8
E052-J09,E052,Nombre052_09,Apellido052_09,1998-02-21,Pais 052,Defensor,9
E052-J10,E052,Nombre052_10,Apellido052_10,1999-03-17,Pais 052,Mediocampista,10
E052-J11,E052,Nombre052_11,Apellido052_11,2000-04-13,Pais 052,Mediocampista,11
E052-J12,E052,Nombre052_12,Apellido052_12,2001-05-09,Pais 052,Mediocampista,12
E052-J13,E052,Nombre052_13,Apellido052_13,2002-06-05,Pais 052,Mediocampista,13
E052-J14,E052,Nombre052_14,Apellido052_14,2003-07-01,Pais 052,Mediocampista,14
E052-J15,E052,Nombre052_15,Apellido052_15,2004-08-25,Pais 052,Mediocampista,15
E052-J16,E052,Nombre052_16,Apellido052_16,1988-09-21,Pais 052,Mediocampista,16
E052-J17,E052,Nombre052_17,Apellido052_17,1989-10-17,Pais 052,Mediocampista,17
E052-J18,E052,Nombre052_18,Apellido052_18,1990-11-13,Pais 052,Delantero,18
E052-J19,E052,Nombre052_19,Apellido052_19,1991-12-09,Pais 052,Delantero,19
E052-J20,E052,Nombre052_20,Apellido052_20,1992-01-05,Pais 052,Delantero,20
E052-J21,E052,Nombre052_21,Apellido052_21,1993-02-01,Pais 052,Delantero,21
E052-J22,E052,Nombre052_22,Apellido052_22,1994-03-25,Pais 052,Delantero,22
E052-J23,E052,Nombre052_23,Apellido052_23,1995-04-21,Pais 052,Delantero,23
E052-J24,E052,Nombre052_24,Apellido052_24,1996-05-17,Pais 052,Delantero,24
E053-J01,E053,Nombre053_01,Apellido053_01,1991-07-26,Pais 053,Arquero,1
E053-J02,E053,Nombre053_02,Apellido053_02,1992-08-23,Pais 053,Arquero,2
E053-J03,E053,Nombre053_03,Apellido053_03,1993-09-20,Pais 053,Defensor,3
E053-J04,E053,Nombre053_04,Apellido053_04,1994-10-17,Pais 053,Defensor,4
E053-J05,E053,Nombre053_05,Apellido053_05,1995-11-14,Pais 053,Defensor,5
E053-J06,E053,Nombre053_06,Apellido053_06,1996-12-11,Pais 053,Defensor,6
E053-J07,E053,Nombre053_07,Apellido053_07,1997-01-08,Pais 053,Defensor,7
E053-J08,E053,Nombre053_08,Apellido053_08,1998-02-05,Pais 053,Defensor,8
E053-J09,E053,Nombre053_09,Apellido053_09,1999-03-02,Pais 053,Defensor,9
E053-J10,E053,Nombre053_10,Apellido053_10,2000-04-27,Pais 053,Mediocampista,10
E053-J11,E053,Nombre053_11,Apellido053_11,2001-05-24,Pais 053,Mediocampista,11
E053-J12,E053,Nombre053_12,Apellido053_12,2002-06-21,Pais 053,Mediocampista,12
E053-J13,E053,Nombre053_13,Apellido053_13,2003-07-18,Pais 053,Mediocampista,13
E053-J14,E053,Nombre053_14,Apellido053_14,2004-08-15,Pais 053,Mediocampista,14
E053-J15,E053,Nombre053_15,Apellido053_15,1988-09-12,Pais 053,Mediocampista,15
E053-J16,E053,Nombre053_16,Apellido053_16,1989-10-09,Pais 053,Mediocampista,16
E053-J17,E053,Nombre053_17,Apellido053_17,1990-11-06,Pais 053,Mediocampista,17
E053-J18,E053,Nombre053_18,Apellido053_18,1991-12-03,Pais 053,Delantero,18
E053-J19,E053,Nombre053_19,Apellido053_19,1992-01-28,Pais 053,Delantero,19
E053-J20,E053,Nombre053_20,Apellido053_20,1993-02-25,Pais 053,Delantero,20
E053-J21,E053,Nombre053_21,Apellido053_21,1994-03-22,Pais 053,Delantero,21
E053-J22,E053,Nombre053_22,Apellido053_22,1995-04-19,Pais 053,Delantero,22
E053-J23,E053,Nombre053_23,Apellido053_23,1996-05-16,Pais 053,Delantero,23
E053-J24,E053,Nombre053_24,Apellido053_24,1997-06-13,Pais 053,Delantero,24
E054-J01,E054,Nombre054_01,Apellido054_01,1992-08-27,Pais 054,Arquero,1
E054-J02,E054,Nombre054_02,Apellido054_02,1993-09-25,Pais 054,Arquero,2
E054-J03,E054,Nombre054_03,Apellido054_03,1994-10-23,Pais 054,Defensor,3
E054-J04,E054,Nombre054_04,Apellido054_04,1995-11-21,Pais 054,Defensor,4
E054-J05,E054,Nombre054_05,Apellido054_05,1996-12-19,Pais 054,Defensor,5
E054-J06,E054,Nombre054_06,Apellido054_06,1997-01-17,Pais 054,Defensor,6
E054-J07,E054,Nombre054_07,Apellido054_07,1998-02-15,Pais 054,Defensor,7
E054-J08,E054,Nombre054_08,Apellido054_08,1999-03-13,Pais 054,Defensor,8
E054-J09,E054,Nombre054_09,Apellido054_09,2000-04-11,Pais 054,Defensor,9
E054-J10,E054,Nombre054_10,Apellido054_10,2001-05-09,Pais 054,Mediocampista,10
E054-J11,E054,Nombre054_11,Apellido054_11,2002-06-07,Pais 054,Mediocampista,11
E054-J12,E054,Nombre054_12,Apellido054_12,2003-07-05,Pais 054,Mediocampista,12
E054-J13,E054,Nombre054_13,Apellido054_13,2004-08-03,Pais 054,Mediocampista,13
E054-J14,E054,Nombre054_14,Apellido054_14,1988-09-01,Pais 054,Mediocampista,14
E054-J15,E054,Nombre054_15,Apellido054_15,1989-10-27,Pais 054,Mediocampista,15
E054-J16,E054,Nombre054_16,Apellido054_16,1990-11-25,Pais 054,Mediocampista,16
E054-J17,E054,Nombre054_17,Apellido054_17,1991-12-23,Pais 054,Mediocampista,17
E054-J18,E054,Nombre054_18,Apellido054_18,1992-01-21,Pais 054,Delantero,18
E054-J19,E054,Nombre054_19,Apellido054_19,1993-02-19,Pais 054,Delantero,19
E054-J20,E054,Nombre054_20,Apellido054_20,1994-03-17,Pais 054,Delantero,20
E054-J21,E054,Nombre054_21,Apellido054_21,1995-04-15,Pais 054,Delantero,21
E054-J22,E054,Nombre054_22,Apellido054_22,1996-05-13,Pais 054,Delantero,22
E054-J23,E054,Nombre054_23,Apellido054_23,1997-06-11,Pais 054,Delantero,23
E054-J24,E054,Nombre054_24,Apellido054_24,1998-07-09,Pais 054,Delantero,24
E055-J01,E055,Nombre055_01,Apellido055_01,1993-09-28,Pais 055,Arquero,1
E055-J02,E055,Nombre055_02,Apellido055_02,1994-10-27,Pais 055,Arquero,2
E055-J03,E055,Nombre055_03,Apellido055_03,1995-11-26,Pais 055,Defensor,3
E055-J04,E055,Nombre055_04,Apellido055_04,1996-12-25,Pais 055,Defensor,4
E055-J05,E055,Nombre055_05,Apellido055_05,1997-01-24,Pais 055,Defensor,5
E055-J06,E055,Nombre055_06,Apellido055_06,1998-02-23,Pais 055,Defensor,6
E055-J07,E055,Nombre055_07,Apellido055_07,1999-03-22,Pais 055,Defensor,7
E055-J08,E055,Nombre055_08,Apellido055_08,2000-04-21,Pais 055,Defensor,8
E055-J09,E055,Nombre055_09,Apellido055_09,2001-05-20,Pais 055,Defensor,9
E055-J10,E055,Nombre055_10,Apellido055_10,2002-06-19,Pais 055,Mediocampista,10
E055-J11,E055,Nombre055_11,Apellido055_11,2003-07-18,Pais 055,Mediocampista,11
E055-J12,E055,Nombre055_12,Apellido055_12,2004-08-17,Pais 055,Mediocampista,12
E055-J13,E055,Nombre055_13,Apellido055_13,1988-09-16,Pais 055,Mediocampista,13
E055-J14,E055,Nombre055_14,Apellido055_14,1989-10-15,Pais 055,Mediocampista,14
E055-J15,E055,Nombre055_15,Apellido055_15,1990-11-14,Pais 055,Mediocampista,15
E055-J16,E055,Nombre055_16,Apellido055_16,1991-12-13,Pais 055,Mediocampista,16
E055-J17,E055,Nombre055_17,Apellido055_17,1992-01-12,Pais 055,Mediocampista,17
E055-J18,E055,Nombre055_18,Apellido055_18,1993-02-11,Pais 055,Delantero,18
E055-J19,E055,Nombre055_19,Apellido055_19,1994-03-10,Pais 055,Delantero,19
E055-J20,E055,Nombre055_20,Apellido055_20,1995-04-09,Pais 055,Delantero,20
E055-J21,E055,Nombre055_21,Apellido055_21,1996-05-08,Pais 055,Delantero,21
E055-J22,E055,Nombre055_22,Apellido055_22,1997-06-07,Pais 055,Delantero,22
E055-J23,E055,Nombre055_23,Apellido055_23,1998-07-06,Pais 055,Delantero,23
E055-J24,E055,Nombre055_24,Apellido055_24,1999-08-05,Pais 055,Delantero,24
E056-J01,E056,Nombre056_01,Apellido056_01,1994-10-01,Pais 056,Arquero,1
E056-J02,E056,Nombre056_02,Apellido056_02,1995-11-01,Pais 056,Arquero,2
E056-J03,E056,Nombre056_03,Apellido056_03,1996-12-01,Pais 056,Defensor,3
E056-J04,E056,Nombre056_04,Apellido056_04,1997-01-01,Pais 056,Defensor,4
E056-J05,E056,Nombre056_05,Apellido056_05,1998-02-01,Pais 056,Defensor,5
E056-J06,E056,Nombre056_06,Apellido056_06,1999-03-01,Pais 056,Defensor,6
E056-J07,E056,Nombre056_07,Apellido056_07,2000-04-01,Pais 056,Defensor,7
E056-J08,E056,Nombre056_08,Apellido056_08,2001-05-01,Pais 056,Defensor,8
E056-J09,E056,Nombre056_09,Apellido056_09,2002-06-01,Pais 056,Defensor,9
E056-J10,E056,Nombre056_10,Apellido056_10,2003-07-01,Pais 056,Mediocampista,10
E056-J11,E056,Nombre056_11,Apellido056_11,2004-08-01,Pais 056,Mediocampista,11
E056-J12,E056,Nombre056_12,Apellido056_12,1988-09-01,Pais 056,Mediocampista,12
E056-J13,E056,Nombre056_13,Apellido056_13,1989-10-01,Pais 056,Mediocampista,13
E056-J14,E056,Nombre056_14,Apellido056_14,1990-11-01,Pais 056,Mediocampista,14
E056-J15,E056,Nombre056_15,Apellido056_15,1991-12-01,Pais 056,Mediocampista,15
E056-J16,E056,Nombre056_16,Apellido056_16,1992-01-01,Pais 056,Mediocampista,16
E056-J17,E056,Nombre056_17,Apellido056_17,1993-02-01,Pais 056,Mediocampista,17
E056-J18,E056,Nombre056_18,Apellido056_18,1994-03-01,Pais 056,Delantero,18
E056-J19,E056,Nombre056_19,Apellido056_19,1995-04-01,Pais 056,Delantero,19
E056-J20,E056,Nombre056_20,Apellido056_20,1996-05-01,Pais 056,Delantero,20
E056-J21,E056,Nombre056_21,Apellido056_21,1997-06-01,Pais 056,Delantero,21
E056-J22,E056,Nombre056_22,Apellido056_22,1998-07-01,Pais 056,Delantero,22
E056-J23,E056,Nombre056_23,Apellido056_23,1999-08-01,Pais 056,Delantero,23
E056-J24,E056,Nombre056_24,Apellido056_24,2000-09-01,Pais 056,Delantero,24
E057-J01,E057,Nombre057_01,Apellido057_01,1995-11-02,Pais 057,Arquero,1
E057-J02,E057,Nombre057_02,Apellido057_02,1996-12-03,Pais 057,Arquero,2
E057-J03,E057,Nombre057_03,Apellido057_03,1997-01-04,Pais 057,Defensor,3
E057-J04,E057,Nombre057_04,Apellido057_04,1998-02-05,Pais 057,Defensor,4
E057-J05,E057,Nombre057_05,Apellido057_05,1999-03-06,Pais 057,Defensor,5
E057-J06,E057,Nombre057_06,Apellido057_06,2000-04-07,Pais 057,Defensor,6
E057-J07,E057,Nombre057_07,Apellido057_07,2001-05-08,Pais 057,Defensor,7
E057-J08,E057,Nombre057_08,Apellido057_08,2002-06-09,Pais 057,Defensor,8
E057-J09,E057,Nombre057_09,Apellido057_09,2003-07-10,Pais 057,Defensor,9
E057-J10,E057,Nombre057_10,Apellido057_10,2004-08-11,Pais 057,Mediocampista,10
E057-J11,E057,Nombre057_11,Apellido057_11,1988-09-12,Pais 057,Mediocampista,11
E057-J12,E057,Nombre057_12,Apellido057_12,1989-10-13,Pais 057,Mediocampista,12
E057-J13,E057,Nombre057_13,Apellido057_13,1990-11-14,Pais 057,Mediocampista,13
E057-J14,E057,Nombre057_14,Apellido057_14,1991-12-15,Pais 057,Mediocampista,14
E057-J15,E057,Nombre057_15,Apellido057_15,1992-01-16,Pais 057,Mediocampista,15
E057-J16,E057,Nombre057_16,Apellido057_16,1993-02-17,Pais 057,Mediocampista,16
E057-J17,E057,Nombre057_17,Apellido057_17,1994-03-18,Pais 057,Mediocampista,17
E057-J18,E057,Nombre057_18,Apellido057_18,1995-04-19,Pais 057,Delantero,18
E057-J19,E057,Nombre057_19,Apellido057_19,1996-05-20,Pais 057,Delantero,19
E057-J20,E057,Nombre057_20,Apellido057_20,1997-06-21,Pais 057,Delantero,20
E057-J21,E057,Nombre057_21,Apellido057_21,1998-07-22,Pais 057,Delantero,21
E057-J22,E057,Nombre057_22,Apellido057_22,1999-08-23,Pais 057,Delantero,22
E057-J23,E057,Nombre057_23,Apellido057_23,2000-09-24,Pais 057,Delantero,23
E057-J24,E057,Nombre057_24,Apellido057_24,2001-10-25,Pais 057,Delantero,24
E058-J01,E058,Nombre058_01,Apellido058_01,1996-12-03,Pais 058,Arquero,1
E058-J02,E058,Nombre058_02,Apellido058_02,1997-01-05,Pais 058,Arquero,2
E058-J03,E058,Nombre058_03,Apellido058_03,1998-02-07,Pais 058,Defensor,3
E058-J04,E058,Nombre058_04,Apellido058_04,1999-03-09,Pais 058,Defensor,4
E058-J05,E058,Nombre058_05,Apellido058_05,2000-04-11,Pais 058,Defensor,5
E058-J06,E058,Nombre058_06,Apellido058_06,2001-05-13,Pais 058,Defensor,6
E058-J07,E058,Nombre058_07,Apellido058_07,2002-06-15,Pais 058,Defensor,7
E058-J08,E058,Nombre058_08,Apellido058_08,2003-07-17,Pais 058,Defensor,8
E058-J09,E058,Nombre058_09,Apellido058_09,2004-08-19,Pais 058,Defensor,9
E058-J10,E058,Nombre058_10,Apellido058_10,1988-09-21,Pais 058,Mediocampista,10
E058-J11,E058,Nombre058_11,Apellido058_11,1989-10-23,Pais 058,Mediocampista,11
E058-J12,E058,Nombre058_12,Apellido058_12,1990-11-25,Pais 058,Mediocampista,12
E058-J13,E058,Nombre058_13,Apellido058_13,1991-12-27,Pais 058,Mediocampista,13
E058-J14,E058,Nombre058_14,Apellido058_14,1992-01-01,Pais 058,Mediocampista,14
E058-J15,E058,Nombre058_15,Apellido058_15,1993-02-03,Pais 058,Mediocampista,15
E058-J16,E058,Nombre058_16,Apellido058_16,1994-03-05,Pais 058,Mediocampista,16
E058-J17,E058,Nombre058_17,Apellido058_17,1995-04-07,Pais 058,Mediocampista,17
E058-J18,E058,Nombre058_18,Apellido058_18,1996-05-09,Pais 058,Delantero,18
E058-J19,E058,Nombre058_19,Apellido058_19,1997-06-11,Pais 058,Delantero,19
E058-J20,E058,Nombre058_20,Apellido058_20,1998-07-13,Pais 058,Delantero,20
E058-J21,E058,Nombre058_21,Apellido058_21,1999-08-15,Pais 058,Delantero,21
E058-J22,E058,Nombre058_22,Apellido058_22,2000-09-17,Pais 058,Delantero,22
E058-J23,E058,Nombre058_23,Apellido058_23,2001-10-19,Pais 058,Delantero,23
E058-J24,E058,Nombre058_24,Apellido058_24,2002-11-21,Pais 058,Delantero,24
E059-J01,E059,Nombre059_01,Apellido059_01,1997-01-04,Pais 059,Arquero,1
E059-J02,E059,Nombre059_02,Apellido059_02,1998-02-07,Pais 059,Arquero,2
E059-J03,E059,Nombre059_03,Apellido059_03,1999-03-10,Pais 059,Defensor,3
E059-J04,E059,Nombre059_04,Apellido059_04,2000-04-13,Pais 059,Defensor,4
E059-J05,E059,Nombre059_05,Apellido059_05,2001-05-16,Pais 059,Defensor,5
E059-J06,E059,Nombre059_06,Apellido059_06,2002-06-19,Pais 059,Defensor,6
E059-J07,E059,Nombre059_07,Apellido059_07,2003-07-22,Pais 059,Defensor,7
E059-J08,E059,Nombre059_08,Apellido059_08,2004-08-25,Pais 059,Defensor,8
E059-J09,E059,Nombre059_09,Apellido059_09,1988-09-28,Pais 059,Defensor,9
E059-J10,E059,Nombre059_10,Apellido059_10,1989-10-03,Pais 059,Mediocampista,10
E059-J11,E059,Nombre059_11,Apellido059_11,1990-11-06,Pais 059,Mediocampista,11
E059-J12,E059,Nombre059_12,Apellido059_12,1991-12-09,Pais 059,Mediocampista,12
E059-J13,E059,Nombre059_13,Apellido059_13,1992-01-12,Pais 059,Mediocampista,13
E059-J14,E059,Nombre059_14,Apellido059_14,1993-02-15,Pais 059,Mediocampista,14
E059-J15,E059,Nombre059_15,Apellido059_15,1994-03-18,Pais 059,Mediocampista,15
E059-J16,E059,Nombre059_16,Apellido059_16,1995-04-21,Pais 059,Mediocampista,16
E059-J17,E059,Nombre059_17,Apellido059_17,1996-05-24,Pais 059,Mediocampista,17
E059-J18,E059,Nombre059_18,Apellido059_18,1997-06-27,Pais 059,Delantero,18
E059-J19,E059,Nombre059_19,Apellido059_19,1998-07-02,Pais 059,Delantero,19
E059-J20,E059,Nombre059_20,Apellido059_20,1999-08-05,Pais 059,Delantero,20
E059-J21,E059,Nombre059_21,Apellido059_21,2000-09-08,Pais 059,Delantero,21
E059-J22,E059,Nombre059_22,Apellido059_22,2001-10-11,Pais 059,Delantero,22
E059-J23,E059,Nombre059_23,Apellido059_23,2002-11-14,Pais 059,Delantero,23
E059-J24,E059,Nombre059_24,Apellido059_24,2003-12-17,Pais 059,Delantero,24
E060-J01,E060,Nombre060_01,Apellido060_01,1998-02-05,Pais 060,Arquero,1
E060-J02,E060,Nombre060_02,Apellido060_02,1999-03-09,Pais 060,Arquero,2
E060-J03,E060,Nombre060_03,Apellido060_03,2000-04-13,Pais 060,Defensor,3
E060-J04,E060,Nombre060_04,Apellido060_04,2001-05-17,Pais 060,Defensor,4
E060-J05,E060,Nombre060_05,Apellido060_05,2002-06-21,Pais 060,Defensor,5
E060-J06,E060,Nombre060_06,Apellido060_06,2003-07-25,Pais 060,Defensor,6
E060-J07,E060,Nombre060_07,Apellido060_07,2004-08-01,Pais 060,Defensor,7
E060-J08,E060,Nombre060_08,Apellido060_08,1988-09-05,Pais 060,Defensor,8
E060-J09,E060,Nombre060_09,Apellido060_09,1989-10-09,Pais 060,Defensor,9
E060-J10,E060,Nombre060_10,Apellido060_10,1990-11-13,Pais 060,Mediocampista,10
E060-J11,E060,Nombre060_11,Apellido060_11,1991-12-17,Pais 060,Mediocampista,11
E060-J12,E060,Nombre060_12,Apellido060_12,1992-01-21,Pais 060,Mediocampista,12
E060-J13,E060,Nombre060_13,Apellido060_13,1993-02-25,Pais 060,Mediocampista,13
E060-J14,E060,Nombre060_14,Apellido060_14,1994-03-01,Pais 060,Mediocampista,14
E060-J15,E060,Nombre060_15,Apellido060_15,1995-04-05,Pais 060,Mediocampista,15
E060-J16,E060,Nombre060_16,Apellido060_16,1996-05-09,Pais 060,Mediocampista,16
E060-J17,E060,Nombre060_17,Apellido060_17,1997-06-13,Pais 060,Mediocampista,17
E060-J18,E060,Nombre060_18,Apellido060_18,1998-07-17,Pais 060,Delantero,18
E060-J19,E060,Nombre060_19,Apellido060_19,1999-08-21,Pais 060,Delantero,19
E060-J20,E060,Nombre060_20,Apellido060_20,2000-09-25,Pais 060,Delantero,20
E060-J21,E060,Nombre060_21,Apellido060_21,2001-10-01,Pais 060,Delantero,21
E060-J22,E060,Nombre060_22,Apellido060_22,2002-11-05,Pais 060,Delantero,22
E060-J23,E060,Nombre060_23,Apellido060_23,2003-12-09,Pais 060,Delantero,23
E060-J24,E060,Nombre060_24,Apellido060_24,2004-01-13,Pais 060,Delantero,24
E061-J01,E061,Nombre061_01,Apellido061_01,1999-03-06,Pais 061,Arquero,1
E061-J02,E061,Nombre061_02,Apellido061_02,2000-04-11,Pais 061,Arquero,2
E061-J03,E061,Nombre061_03,Apellido061_03,2001-05-16,Pais 061,Defensor,3
E061-J04,E061,Nombre061_04,Apellido061_04,2002-06-21,Pais 061,Defensor,4
E061-J05,E061,Nombre061_05,Apellido061_05,2003-07-26,Pais 061,Defensor,5
E061-J06,E061,Nombre061_06,Apellido061_06,2004-08-03,Pais 061,Defensor,6
E061-J07,E061,Nombre061_07,Apellido061_07,1988-09-08,Pais 061,Defensor,7
E061-J08,E061,Nombre061_08,Apellido061_08,1989-10-13,Pais 061,Defensor,8
E061-J09,E061,Nombre061_09,Apellido061_09,1990-11-18,Pais 061,Defensor,9
E061-J10,E061,Nombre061_10,Apellido061_10,1991-12-23,Pais 061,Mediocampista,10
E061-J11,E061,Nombre061_11,Apellido061_11,1992-01-28,Pais 061,Mediocampista,11
E061-J12,E061,Nombre061_12,Apellido061_12,1993-02-05,Pais 061,Mediocampista,12
E061-J13,E061,Nombre061_13,Apellido061_13,1994-03-10,Pais 061,Mediocampista,13
E061-J14,E061,Nombre061_14,Apellido061_14,1995-04-15,Pais 061,Mediocampista,14
E061-J15,E061,Nombre061_15,Apellido061_15,1996-05-20,Pais 061,Mediocampista,15
E061-J16,E061,Nombre061_16,Apellido061_16,1997-06-25,Pais 061,Mediocampista,16
E061-J17,E061,Nombre061_17,Apellido061_17,1998-07-02,Pais 061,Mediocampista,17
E061-J18,E061,Nombre061_18,Apellido061_18,1999-08-07,Pais 061,Delantero,18
E061-J19,E061,Nombre061_19,Apellido061_19,2000-09-12,Pais 061,Delantero,19
E061-J20,E061,Nombre061_20,Apellido061_20,2001-10-17,Pais 061,Delantero,20
E061-J21,E061,Nombre061_21,Apellido061_21,2002-11-22,Pais 061,Delantero,21
E061-J22,E061,Nombre061_22,Apellido061_22,2003-12-27,Pais 061,Delantero,22
E061-J23,E061,Nombre061_23,Apellido061_23,2004-01-04,Pais 061,Delantero,23
E061-J24,E061,Nombre061_24,Apellido061_24,1988-02-09,Pais 061,Delantero,24
E062-J01,E062,Nombre062_01,Apellido062_01,2000-04-07,Pais 062,Arquero,1
E062-J02,E062,Nombre062_02,Apellido062_02,2001-05-13,Pais 062,Arquero,2
E062-J03,E062,Nombre062_03,Apellido062_03,2002-06-19,Pais 062,Defensor,3
E062-J04,E062,Nombre062_04,Apellido062_04,2003-07-25,Pais 062,Defensor,4
E062-J05,E062,Nombre062_05,Apellido062_05,2004-08-03,Pais 062,Defensor,5
E062-J06,E062,Nombre062_06,Apellido062_06,1988-09-09,Pais 062,Defensor,6
E062-J07,E062,Nombre062_07,Apellido062_07,1989-10-15,Pais 062,Defensor,7
E062-J08,E062,Nombre062_08,Apellido062_08,1990-11-21,Pais 062,Defensor,8
E062-J09,E062,Nombre062_09,Apellido062_09,1991-12-27,Pais 062,Defensor,9
E062-J10,E062,Nombre062_10,Apellido062_10,1992-01-05,Pais 062,Mediocampista,10
E062-J11,E062,Nombre062_11,Apellido062_11,1993-02-11,Pais 062,Mediocampista,11
E062-J12,E062,Nombre062_12,Apellido062_12,1994-03-17,Pais 062,Mediocampista,12
E062-J13,E062,Nombre062_13,Apellido062_13,1995-04-23,Pais 062,Mediocampista,13
E062-J14,E062,Nombre062_14,Apellido062_14,1996-05-01,Pais 062,Mediocampista,14
E062-J15,E062,Nombre062_15,Apellido062_15,1997-06-07,Pais 062,Mediocampista,15
E062-J16,E062,Nombre062_16,Apellido062_16,1998-07-13,Pais 062,Mediocampista,16
E062-J17,E062,Nombre062_17,Apellido062_17,1999-08-19,Pais 062,Mediocampista,17
E062-J18,E062,Nombre062_18,Apellido062_18,2000-09-25,Pais 062,Delantero,18
E062-J19,E062,Nombre062_19,Apellido062_19,2001-10-03,Pais 062,Delantero,19
E062-J20,E062,Nombre062_20,Apellido062_20,2002-11-09,Pais 062,Delantero,20
E062-J21,E062,Nombre062_21,Apellido062_21,2003-12-15,Pais 062,Delantero,21
E062-J22,E062,Nombre062_22,Apellido062_22,2004-01-21,Pais 062,Delantero,22
E062-J23,E062,Nombre062_23,Apellido062_23,1988-02-27,Pais 062,Delantero,23
E062-J24,E062,Nombre062_24,Apellido062_24,1989-03-05,Pais 062,Delantero,24
E063-J01,E063,Nombre063_01,Apellido063_01,2001-05-08,Pais 063,Arquero,1
E063-J02,E063,Nombre063_02,Apellido063_02,2002-06-15,Pais 063,Arquero,2
E063-J03,E063,Nombre063_03,Apellido063_03,2003-07-22,Pais 063,Defensor,3
E063-J04,E063,Nombre063_04,Apellido063_04,2004-08-01,Pais 063,Defensor,4
E063-J05,E063,Nombre063_05,Apellido063_05,1988-09-08,Pais 063,Defensor,5
E063-J06,E063,Nombre063_06,Apellido063_06,1989-10-15,Pais 063,Defensor,6
E063-J07,E063,Nombre063_07,Apellido063_07,1990-11-22,Pais 063,Defensor,7
E063-J08,E063,Nombre063_08,Apellido063_08,1991-12-01,Pais 063,Defensor,8
E063-J09,E063,Nombre063_09,Apellido063_09,1992-01-08,Pais 063,Defensor,9
E063-J10,E063,Nombre063_10,Apellido063_10,1993-02-15,Pais 063,Mediocampista,10
E063-J11,E063,Nombre063_11,Apellido063_11,1994-03-22,Pais 063,Mediocampista,11
E063-J12,E063,Nombre063_12,Apellido063_12,1995-04-01,Pais 063,Mediocampista,12
E063-J13,E063,Nombre063_13,Apellido063_13,1996-05-08,Pais 063,Mediocampista,13
E063-J14,E063,Nombre063_14,Apellido063_14,1997-06-15,Pais 063,Mediocampista,14
E063-J15,E063,Nombre063_15,Apellido063_15,1998-07-22,Pais 063,Mediocampista,15
E063-J16,E063,Nombre063_16,Apellido063_16,1999-08-01,Pais 063,Mediocampista,16
E063-J17,E063,Nombre063_17,Apellido063_17,2000-09-08,Pais 063,Mediocampista,17
E063-J18,E063,Nombre063_18,Apellido063_18,2001-10-15,Pais 063,Delantero,18
E063-J19,E063,Nombre063_19,Apellido063_19,2002-11-22,Pais 063,Delantero,19
E063-J20,E063,Nombre063_20,Apellido063_20,2003-12-01,Pais 063,Delantero,20
E063-J21,E063,Nombre063_21,Apellido063_21,2004-01-08,Pais 063,Delantero,21
E063-J22,E063,Nombre063_22,Apellido063_22,1988-02-15,Pais 063,Delantero,22
E063-J23,E063,Nombre063_23,Apellido063_23,1989-03-22,Pais 063,Delantero,23
E063-J24,E063,Nombre063_24,Apellido063_24,1990-04-01,Pais 063,Delantero,24
E064-J01,E064,Nombre064_01,Apellido064_01,2002-06-09,Pais 064,Arquero,1
E064-J02,E064,Nombre064_02,Apellido064_02,2003-07-17,Pais 064,Arquero,2
E064-J03,E064,Nombre064_03,Apellido064_03,2004-08-25,Pais 064,Defensor,3
E064-J04,E064,Nombre064_04,Apellido064_04,1988-09-05,Pais 064,Defensor,4
E064-J05,E064,Nombre064_05,Apellido064_05,1989-10-13,Pais 064,Defensor,5
E064-J06,E064,Nombre064_06,Apellido064_06,1990-11-21,Pais 064,Defensor,6
E064-J07,E064,Nombre064_07,Apellido064_07,1991-12-01,Pais 064,Defensor,7
E064-J08,E064,Nombre064_08,Apellido064_08,1992-01-09,Pais 064,Defensor,8
E064-J09,E064,Nombre064_09,Apellido064_09,1993-02-17,Pais 064,Defensor,9
E064-J10,E064,Nombre064_10,Apellido064_10,1994-03-25,Pais 064,Mediocampista,10
E064-J11,E064,Nombre064_11,Apellido064_11,1995-04-05,Pais 064,Mediocampista,11
E064-J12,E064,Nombre064_12,Apellido064_12,1996-05-13,Pais 064,Mediocampista,12
E064-J13,E064,Nombre064_13,Apellido064_13,1997-06-21,Pais 064,Mediocampista,13
E064-J14,E064,Nombre064_14,Apellido064_14,1998-07-01,Pais 064,Mediocampista,14
E064-J15,E064,Nombre064_15,Apellido064_15,1999-08-09,Pais 064,Mediocampista,15
E064-J16,E064,Nombre064_16,Apellido064_16,2000-09-17,Pais 064,Mediocampista,16
E064-J17,E064,Nombre064_17,Apellido064_17,2001-10-25,Pais 064,Mediocampista,17
E064-J18,E064,Nombre064_18,Apellido064_18,2002-11-05,Pais 064,Delantero,18
E064-J19,E064,Nombre064_19,Apellido064_19,2003-12-13,Pais 064,Delantero,19
E064-J20,E064,Nombre064_20,Apellido064_20,2004-01-21,Pais 064,Delantero,20
E064-J21,E064,Nombre064_21,Apellido064_21,1988-02-01,Pais 064,Delantero,21
E064-J22,E064,Nombre064_22,Apellido064_22,1989-03-09,Pais 064,Delantero,22
E064-J23,E064,Nombre064_23,Apellido064_23,1990-04-17,Pais 064,Delantero,23
E064-J24,E064,Nombre064_24,Apellido064_24,1991-05-25,Pais 064,Delantero,24
